date,screentime,persistence
2010-01-01,206.299,78.299
2010-01-02,128,
2010-01-03,171.00799999999998,
2010-01-04,211,193
2010-01-05,183,
2010-01-06,119.475,
2010-01-07,144,24.525000000000006
2010-01-08,77.818,
2010-01-09,121,
2010-01-10,149.048,71.23
2010-01-11,98,
2010-01-12,82,
2010-01-13,63,
2010-01-14,47.278999999999996,
2010-01-15,29,
2010-01-16,18,
2010-01-17,19.861,
2010-01-18,79.569,48.569
2010-01-19,53,
2010-01-20,37,
2010-01-21,31,
2010-01-22,31,
2010-01-23,50,
2010-01-24,70,
2010-01-25,102,72
2010-01-26,70,
2010-01-27,88.112,18.111999999999995
2010-01-28,74,
2010-01-29,33,
2010-01-30,44,
2010-01-31,63,24
2010-02-01,39,
2010-02-02,67.80099999999999,34.80099999999999
2010-02-03,31.294999999999998,
2010-02-04,44,12.705000000000002
2010-02-05,39,
2010-02-06,30,
2010-02-07,36,
2010-02-08,48.85,
2010-02-09,52.127,
2010-02-10,60,
2010-02-11,71.955,
2010-02-12,115.945,
2010-02-13,255,77.22400000000002
2010-02-14,177.77599999999998,
2010-02-15,256,250
2010-02-16,176,
2010-02-17,122,
2010-02-18,77,
2010-02-19,36.215,
2010-02-20,6,
2010-02-23,27.128,
2010-02-24,45,34
2010-02-25,16,
2010-02-26,38.903,22.903
2010-02-27,11,
2010-02-28,18,
2010-03-01,65.842,55.015
2010-03-02,10.827,
2010-03-03,29.565,
2010-03-04,55,37
2010-03-05,18,
2010-03-06,20,
2010-03-07,63.101,
2010-03-08,99.984,35.589
2010-03-09,64.395,
2010-03-10,92.32900000000001,
2010-03-11,109,99
2010-03-12,68,
2010-03-13,39,
2010-03-14,70,31
2010-03-15,26,
2010-03-16,58,32
2010-03-17,48,
2010-03-18,28,
2010-03-20,18,
2010-03-21,10,
2010-03-22,13,
2010-03-23,16,
2010-03-24,23,10
2010-03-25,13,
2010-03-26,42,26
2010-03-27,16,
2010-03-28,289,284
2010-03-29,182,
2010-03-30,87,
2010-03-31,36,
2010-04-01,45,
2010-04-02,53,
2010-04-03,69.044,
2010-04-04,100.32900000000001,
2010-04-05,127.69200000000001,
2010-04-06,189,153
2010-04-07,165.755,
2010-04-08,134.442,
2010-04-09,64,
2010-04-10,57,
2010-04-11,141,84
2010-04-12,131.832,
2010-04-13,38,
2010-04-14,39,
2010-04-15,85,47
2010-04-16,61.642,
2010-04-17,13,
2010-04-18,38,1
2010-04-19,37,
2010-04-20,50.21,37.21
2010-04-21,32.911,
2010-04-22,14,
2010-04-23,46,32
2010-04-24,8,
2010-04-25,11,
2010-04-26,48,40
2010-04-27,21,
2010-04-28,14,
2010-04-29,5,
2010-04-30,10,
2010-05-01,14.748000000000001,
2010-05-02,15,
2010-05-03,24,
2010-05-04,48,
2010-05-05,71,
2010-05-06,94.019,46.019000000000005
2010-05-07,49,
2010-05-08,48,
2010-05-09,91,
2010-05-10,112.639,
2010-05-11,125.565,
2010-05-12,470.526,463.526
2010-05-13,130.039,
2010-05-14,126,
2010-05-15,46.784,
2010-05-16,45,
2010-05-17,7,
2010-06-11,13,
2010-06-12,15,
2010-06-13,84.291,
2010-06-14,225.971,178.971
2010-06-15,156.354,
2010-06-16,104,
2010-06-17,58,
2010-06-18,73,15
2010-06-19,47,
2010-06-20,80,
2010-06-22,261,
2010-06-23,813.461,812.461
2010-06-24,438.82,
2010-06-25,322,
2010-06-26,226,
2010-06-27,493.264,104.08200000000005
2010-06-28,389.18199999999996,
2010-06-29,586.833,360.83299999999997
2010-06-30,298.3140000000001,
2010-07-01,126,
2010-07-02,283,19
2010-07-03,264,
2010-07-04,555.195,429.19500000000005
2010-07-05,336.91200000000003,
2010-07-06,262.93,
2010-07-07,154,
2010-07-08,91.02199999999999,
2010-07-09,82.273,
2010-07-10,124.96000000000001,42.68700000000001
2010-07-11,61,
2010-07-12,71,
2010-07-13,92.82300000000001,
2010-07-14,109,48
2010-07-15,92,
2010-07-16,62,
2010-07-17,48,
2010-07-18,159,
2010-07-19,227,179
2010-07-20,139,
2010-07-21,48,
2010-07-22,49.915,1.9149999999999991
2010-07-23,23,
2010-07-24,115,
2010-07-25,211.927,
2010-07-26,603.3299999999999,580.3299999999999
2010-07-27,478.381,
2010-07-28,204.799,
2010-07-29,203.549,
2010-07-30,190.265,
2010-07-31,106.911,
2010-08-01,246.645,
2010-08-02,379.943,273.032
2010-08-03,222,
2010-08-04,60.46,
2010-08-05,99.625,
2010-08-06,115.855,
2010-08-07,225.85899999999998,24.85899999999998
2010-08-08,201,
2010-08-09,315.825,255.36499999999998
2010-08-10,57.524,
2010-08-11,49,
2010-08-12,114,65
2010-08-13,95,
2010-08-14,42,
2010-08-15,153,
2010-08-16,231.855,189.855
2010-08-17,117,
2010-08-18,95,
2010-08-19,170,75
2010-08-20,66,
2010-08-21,50,
2010-08-22,68.569,
2010-08-23,89,28.707
2010-08-24,60.293,
2010-08-25,201.36100000000002,151.36100000000002
2010-08-26,155,
2010-08-27,28,
2010-08-28,53,
2010-08-29,75,
2010-08-30,97,
2010-08-31,458.839,430.839
2010-09-01,293,
2010-09-02,96.581,
2010-09-03,45.649,
2010-09-04,64,
2010-09-05,141.727,
2010-09-06,193,
2010-09-07,203,157.351
2010-09-08,164.87,
2010-09-09,114,
2010-09-10,173,59
2010-09-11,157,
2010-09-12,73,
2010-09-13,72,
2010-09-14,35,
2010-09-15,61,26
2010-09-16,25,
2010-09-17,32,
2010-09-18,64,2
2010-09-19,62,
2010-09-20,84,
2010-09-21,141.4,
2010-09-22,256.445,220.445
2010-09-23,117,
2010-09-24,62.785,
2010-09-25,36,
2010-09-26,95.84100000000001,
2010-09-27,160.88299999999998,37.88299999999998
2010-09-28,123,
2010-09-29,184,114
2010-09-30,123,
2010-10-01,101.85000000000001,
2010-10-02,70,
2010-10-03,76,
2010-10-04,121,31.260999999999996
2010-10-05,89.739,
2010-10-06,244.936,
2010-10-07,307.629,282.629
2010-10-08,132.086,
2010-10-09,108,
2010-10-10,109,
2010-10-11,139.361,
2010-10-12,167.096,59.096000000000004
2010-10-13,52,
2010-10-14,87,10
2010-10-15,81,
2010-10-16,77,
2010-10-17,77,
2010-10-18,112,35.504000000000005
2010-10-19,76.496,
2010-10-20,137,85
2010-10-21,28,
2010-10-22,77.846,
2010-10-23,107,
2010-10-24,111,83
2010-10-25,102,
2010-10-26,61,
2010-10-27,51,
2010-10-28,57,
2010-10-29,76,25
2010-10-30,37,
2010-10-31,29,
2010-11-01,18,
2010-11-02,11,
2010-11-03,21,
2010-11-04,47,13.439999999999998
2010-11-05,47,
2010-11-06,44,
2010-11-07,33.56,
2010-11-08,64,
2010-11-09,77,29.233000000000004
2010-11-10,47.766999999999996,
2010-11-11,179.584,114.031
2010-11-12,91.753,
2010-11-13,65.553,
2010-11-14,182.466,
2010-11-15,210,151
2010-11-16,137.476,
2010-11-17,59,
2010-11-18,88,
2010-11-19,282.14,248.14
2010-11-20,258.328,
2010-11-21,214.41,
2010-11-22,97,
2010-11-23,115.844,18.843999999999994
2010-11-24,96,
2010-11-25,97,1
2010-11-26,59.155,
2010-11-27,55,
2010-11-28,73,
2010-11-29,119.799,64.799
2010-11-30,111.789,
2010-12-01,66,
2010-12-02,54,
2010-12-03,170,116
2010-12-04,112,
2010-12-05,98,
2010-12-06,68,
2010-12-07,81,13
2010-12-08,76,
2010-12-09,58,
2010-12-10,34,
2010-12-11,68,
2010-12-12,132.722,
2010-12-13,155.75900000000001,
2010-12-14,260,130
2010-12-15,130,
2010-12-16,490.1,479.1
2010-12-17,249.051,
2010-12-18,57,
2010-12-19,149.57,92.57
2010-12-20,74,
2010-12-21,114.81,40.81
2010-12-22,44.426,
2010-12-23,94,
2010-12-24,122,51
2010-12-25,110,
2010-12-26,71,
2010-12-27,82,
2010-12-28,111,
2010-12-29,129,6.492999999999995
2010-12-30,122.507,
2010-12-31,177,132.574
2011-01-01,89,
2011-01-02,91.47800000000001,
2011-01-03,138,
2011-01-04,143,54
2011-01-05,78,
2011-01-06,92,14
2011-01-07,50,
2011-01-08,26,
2011-01-09,27,
2011-01-10,69.518,
2011-01-11,96,70
2011-01-12,46,
2011-01-13,25.615000000000002,
2011-01-14,104.619,79.00399999999999
2011-01-15,45,
2011-01-16,16,
2011-01-17,26,
2011-01-18,42,9
2011-01-19,33,
2011-01-20,52.135,20.134999999999998
2011-01-21,46,
2011-01-22,43.709,
2011-01-23,36,
2011-01-24,32,
2011-01-25,79.626,63.626000000000005
2011-01-26,23,
2011-01-27,44,21
2011-01-28,26,
2011-01-29,15,
2011-01-30,11,
2011-01-31,23,
2011-02-01,28,11
2011-02-02,22,
2011-02-03,17,
2011-02-04,31,15
2011-02-05,16,
2011-02-06,26,
2011-02-07,49,
2011-02-08,101,90
2011-02-09,70,
2011-02-10,50,
2011-02-11,18,
2011-02-12,11,
2011-02-13,27,
2011-02-14,34,
2011-02-15,61,22
2011-02-16,39,
2011-02-17,64.485,46.485
2011-02-18,31,
2011-02-19,39,2
2011-02-20,37,
2011-02-21,46,15
2011-02-22,18,
2011-02-23,19,
2011-02-24,87,
2011-02-25,99,88
2011-02-26,5,
2011-02-27,11,
2011-02-28,73.861,17.861000000000004
2011-03-01,56,
2011-03-02,88.524,
2011-03-03,103,68
2011-03-04,60,
2011-03-05,35,
2011-03-06,49,
2011-03-07,220.278,215.278
2011-03-08,94.375,
2011-03-09,71,
2011-03-10,38,
2011-03-11,6,
2011-03-12,1,
2011-03-13,7,
2011-03-14,8,
2011-03-15,34,
2011-03-16,36,
2011-03-17,40,
2011-03-18,68.68299999999999,41.68299999999999
2011-03-19,51,
2011-03-20,27,
2011-03-21,105,
2011-03-22,109,77
2011-03-23,105,
2011-03-24,57,
2011-03-25,32,
2011-03-26,41.848,
2011-03-27,61,
2011-03-28,126.759,45.759
2011-03-29,81,
2011-03-30,83.701,
2011-03-31,102,
2011-04-01,203,88
2011-04-02,115,
2011-04-03,120,
2011-04-04,203.64800000000002,189.64800000000002
2011-04-05,75.154,
2011-04-06,29,
2011-04-07,32,3
2011-04-08,30,
2011-04-09,14,
2011-04-10,28,8
2011-04-11,20,
2011-04-12,82.738,66.738
2011-04-13,26,
2011-04-14,31,
2011-04-15,52.028999999999996,26.028999999999996
2011-04-16,30,
2011-04-17,16,
2011-04-18,135,100
2011-04-19,66,
2011-04-20,48,
2011-04-21,128.542,80.542
2011-04-22,112.525,
2011-04-23,61,
2011-04-24,35,
2011-04-25,131,67.833
2011-04-26,63.167,
2011-04-27,169,
2011-04-28,189,160
2011-04-29,31,
2011-04-30,29,
2011-05-01,66,
2011-05-02,470,
2011-05-03,503.662,481.662
2011-05-04,396.134,
2011-05-05,161.63,
2011-05-06,376.62,214.99
2011-05-07,345.28700000000003,
2011-05-08,274.967,
2011-05-09,242.065,
2011-05-10,167.902,
2011-05-11,274,106.09800000000001
2011-05-12,75,
2011-05-13,133,
2011-05-14,170.926,95.92599999999999
2011-05-15,81,
2011-05-16,82.478,
2011-05-17,93,
2011-05-18,110.131,29.131
2011-05-19,48,
2011-05-20,57,9
2011-05-21,43,
2011-05-22,41,
2011-05-23,47,6
2011-05-24,34,
2011-05-25,75,39
2011-05-26,36,
2011-05-27,154.641,81.64099999999999
2011-05-28,73,
2011-05-29,129.9,
2011-05-30,236.869,196.869
2011-05-31,153,
2011-06-01,49,
2011-06-02,47,
2011-06-03,40,
2011-06-04,70,
2011-06-05,99.186,
2011-06-06,158.75400000000002,8.754000000000019
2011-06-07,150,
2011-06-08,285,251
2011-06-09,184,
2011-06-10,59,
2011-06-11,22,
2011-06-12,55,
2011-06-13,68.473,2.472999999999999
2011-06-14,66,
2011-06-15,169.575,108.57499999999999
2011-06-16,137.356,
2011-06-17,83,
2011-06-18,61,
2011-06-19,227,
2011-06-20,346.69,
2011-06-21,586.385,
2011-06-22,1247.762,1246.762
2011-06-23,864.892,
2011-06-24,165,
2011-06-25,78,
2011-06-26,216,111
2011-06-27,105,
2011-06-28,174.765,
2011-06-29,237,159
2011-06-30,167,
2011-07-01,70,
2011-07-02,43,
2011-07-03,41,
2011-07-04,80.23899999999999,39.23899999999999
2011-07-05,39.58,
2011-07-06,81,41.42
2011-07-07,42,
2011-07-08,25,
2011-07-09,81,
2011-07-10,91.857,22.857
2011-07-11,69,
2011-07-12,215.635,190.635
2011-07-13,90,
2011-07-14,63.661,
2011-07-15,46,
2011-07-16,30,
2011-07-17,74.895,
2011-07-18,116.186,86.186
2011-07-19,12,
2011-07-20,24,
2011-07-21,57,33
2011-07-22,28,
2011-07-23,24,
2011-07-24,24,
2011-07-25,53,
2011-07-26,58,
2011-07-27,67,39
2011-07-28,33,
2011-07-29,28,
2011-07-30,74,54
2011-07-31,43,
2011-08-01,58,15
2011-08-02,55,
2011-08-03,40,
2011-08-04,20,
2011-08-05,46,
2011-08-06,242,52.091999999999985
2011-08-07,189.90800000000002,
2011-08-08,314.18800000000005,302.18800000000005
2011-08-09,217.398,
2011-08-10,126,
2011-08-11,72,
2011-08-12,111.68199999999999,39.68199999999999
2011-08-13,43,
2011-08-14,47,4
2011-08-15,36,
2011-08-16,42,5
2011-08-17,37,
2011-08-18,60,
2011-08-19,62,26
2011-08-20,20,
2011-08-21,14,
2011-08-22,55.716,41.716
2011-08-23,37,
2011-08-24,33,
2011-08-25,35,2
2011-08-26,13,
2011-08-27,1,
2011-08-28,2,
2011-08-29,25,
2011-08-30,70,
2011-08-31,82.005,41.166
2011-09-01,66,
2011-09-02,69.673,3.673000000000002
2011-09-03,40.839,
2011-09-04,43.073,
2011-09-05,62,9
2011-09-06,58,
2011-09-07,53,
2011-09-08,56,
2011-09-09,140.69,
2011-09-10,225.25,
2011-09-11,248.855,243.855
2011-09-12,130.359,
2011-09-13,121.914,
2011-09-14,59,
2011-09-15,107,48
2011-09-16,60,
2011-09-17,37,
2011-09-18,17,
2011-09-19,57,
2011-09-20,100,70
2011-09-21,45,
2011-09-22,62,
2011-09-23,95,50
2011-09-24,30,
2011-09-25,50,
2011-09-26,107.771,90.771
2011-09-27,53.655,
2011-09-28,58.675,5.019999999999996
2011-09-29,7,
2011-09-30,32,
2011-10-01,37,
2011-10-02,40,29
2011-10-03,26,
2011-10-04,11,
2011-10-05,38,
2011-10-06,39.06,
2011-10-07,234.45600000000002,227.45600000000002
2011-10-08,30,
2011-10-09,49,19
2011-10-10,42,
2011-10-11,44.995000000000005,2.9950000000000045
2011-10-12,22,
2011-10-13,45,23
2011-10-14,16,
2011-10-15,14,
2011-10-16,19,
2011-10-17,21,
2011-10-18,23,
2011-10-19,33,
2011-10-20,68,
2011-10-21,134.75400000000002,120.75400000000002
2011-10-22,51.74,
2011-10-23,26,
2011-10-24,81.45,55.45
2011-10-25,35,
2011-10-26,13,
2011-10-27,25,12
2011-10-28,11,
2011-10-29,92,81
2011-10-30,85.239,
2011-10-31,57.834,
2011-11-01,43,
2011-11-02,39.294,
2011-11-03,46,6.706000000000003
2011-11-04,30,
2011-11-05,38,
2011-11-06,55.855000000000004,25.855000000000004
2011-11-07,21,
2011-11-08,5,
2011-11-09,19,
2011-11-10,43,
2011-11-11,83.38,70.38
2011-11-12,47,
2011-11-13,75,28
2011-11-14,50,
2011-11-15,32,
2011-11-16,41,9
2011-11-17,33,
2011-11-18,22,
2011-11-19,13,
2011-11-20,63.943,1.9429999999999978
2011-11-21,62,
2011-11-22,155,
2011-11-23,176.53,165.53
2011-11-24,124,
2011-11-25,43,
2011-11-26,138.041,95.041
2011-11-27,92,
2011-11-28,122.424,30.424000000000007
2011-11-29,70,
2011-11-30,36,
2011-12-01,70,34
2011-12-02,55,
2011-12-03,18,
2011-12-04,65,
2011-12-05,76,
2011-12-06,90,57
2011-12-07,54,
2011-12-08,33,
2011-12-09,81,46
2011-12-10,39,
2011-12-11,35,
2011-12-12,60,7
2011-12-13,53,
2011-12-14,103,85
2011-12-15,91.63,
2011-12-16,30,
2011-12-17,34,
2011-12-18,100.48,70.48
2011-12-19,27,
2011-12-20,65,
2011-12-21,69,29
2011-12-22,40,
2011-12-23,60,4
2011-12-24,56,
2011-12-25,60,
2011-12-26,71,27
2011-12-27,44,
2011-12-28,49.759,
2011-12-29,84,57
2011-12-30,52,
2011-12-31,41,
2012-01-01,32,
2012-01-02,15,
2012-01-03,27.925,12.925
2012-01-04,15,
2012-01-05,92,77
2012-01-06,40.06,
2012-01-07,17,
2012-01-08,42,25
2012-01-09,28.825,
2012-01-10,25,
2012-01-11,13,
2012-01-12,104,87
2012-01-13,99.938,
2012-01-14,17,
2012-01-15,17,
2012-01-16,27.848,
2012-01-17,30,
2012-01-18,32,
2012-01-19,34,
2012-01-20,108,95
2012-01-21,11,
2012-01-22,20,6.408999999999999
2012-01-23,13.591000000000001,
2012-01-24,52,22
2012-01-25,43,
2012-01-26,36,
2012-01-27,30,
2012-01-28,64,51
2012-01-29,13,
2012-01-30,25,8
2012-01-31,17,
2012-02-01,105,
2012-02-02,264.733,257.733
2012-02-03,81,
2012-02-04,25,
2012-02-05,41,16
2012-02-06,23,
2012-02-07,49,
2012-02-08,62.64,
2012-02-09,64,41
2012-02-10,16,
2012-02-11,9,
2012-02-12,7,
2012-02-13,31.898,
2012-02-14,39,20
2012-02-15,19,
2012-02-16,45,32
2012-02-17,39,
2012-02-18,13,
2012-02-19,24,
2012-02-20,26,
2012-02-21,69.936,
2012-02-22,84.695,
2012-02-23,148.674,
2012-02-24,228,73.25200000000001
2012-02-25,154.748,
2012-02-26,276.289,
2012-02-27,395.39099999999996,371.39099999999996
2012-02-28,155,
2012-02-29,27,
2012-03-01,154,127
2012-03-02,94,
2012-03-03,48,
2012-03-04,50,2
2012-03-05,43,
2012-03-06,32,
2012-03-07,41,
2012-03-08,43.717,11.716999999999999
2012-03-09,38,
2012-03-10,24,
2012-03-11,227.365,
2012-03-12,607.918,600.918
2012-03-13,478.40799999999996,
2012-03-14,379.781,
2012-03-15,316.778,
2012-03-16,274,
2012-03-17,313.276,39.27600000000001
2012-03-18,252.837,
2012-03-19,327.209,74.37200000000001
2012-03-20,106,
2012-03-21,99.661,
2012-03-22,126.97,27.308999999999997
2012-03-23,103,
2012-03-24,38,
2012-03-25,55,
2012-03-26,75,6
2012-03-27,69,
2012-03-28,74,
2012-03-29,88,50
2012-03-30,61.959,
2012-03-31,50.681,
2012-04-01,35,
2012-04-02,26.887,
2012-04-03,7,
2012-04-04,25,
2012-04-05,36,17
2012-04-06,23,
2012-04-07,19,
2012-04-08,92.92,85.92
2012-04-09,35,
2012-04-10,20,
2012-04-11,7,
2012-04-12,9,1
2012-04-13,8,
2012-04-14,13,
2012-04-15,115,
2012-04-16,194.423,173.423
2012-04-17,52,
2012-04-18,142,90
2012-04-19,93,
2012-04-20,78,
2012-04-21,56.984,
2012-04-22,93.608,36.624
2012-04-23,78.816,
2012-04-24,21,
2012-04-25,54,
2012-04-26,96,59
2012-04-27,67,
2012-04-28,37,
2012-04-29,57,
2012-04-30,75,
2012-05-01,983.495,
2012-05-02,1118.207,1117.207
2012-05-03,133.041,
2012-05-04,72.42,
2012-05-05,156.714,33.714
2012-05-06,123,
2012-05-07,185,112.58
2012-05-08,65.693,
2012-05-09,25,
2012-05-10,19,
2012-05-11,38,11
2012-05-12,27,
2012-05-13,85.154,56.153999999999996
2012-05-14,34,
2012-05-15,29,
2012-05-16,40,3
2012-05-17,37,
2012-05-18,123,44
2012-05-19,79,
2012-05-20,203,
2012-05-21,337.019,318.019
2012-05-22,130,
2012-05-23,93,
2012-05-24,64,
2012-05-25,46,
2012-05-26,102,
2012-05-27,107,
2012-05-28,205.711,159.711
2012-05-29,78,
2012-05-30,28,
2012-05-31,16,
2012-06-01,24,
2012-06-02,36,20
2012-06-03,20,
2012-06-04,16,
2012-06-05,39,
2012-06-06,64,
2012-06-07,108,92
2012-06-08,32,
2012-06-09,34.706,2.706000000000003
2012-06-10,29,
2012-06-11,26,
2012-06-12,18,
2012-06-13,25,
2012-06-14,27,9
2012-06-15,21,
2012-06-16,15,
2012-06-17,13,
2012-06-18,34,
2012-06-19,43.528,30.528
2012-06-20,13,
2012-06-21,15,
2012-06-22,33.036,19.036
2012-06-23,24,
2012-06-24,14,
2012-06-25,14,
2012-06-26,25,
2012-06-27,39.821,23.025
2012-06-28,27.535,
2012-06-29,37,9.465
2012-06-30,25,
2012-07-01,16.796,
2012-07-02,42,
2012-07-03,92,50
2012-07-04,72,
2012-07-05,47,
2012-07-06,42,
2012-07-07,149,136
2012-07-08,58,
2012-07-09,86,28
2012-07-10,23,
2012-07-11,11,
2012-07-12,29,18
2012-07-13,18,
2012-07-14,23,5
2012-07-15,15,
2012-07-16,17,2
2012-07-17,12,
2012-07-18,18,6
2012-07-19,17,
2012-07-20,11,
2012-07-21,11,
2012-07-22,11,
2012-07-23,29.528,
2012-07-24,83,72
2012-07-25,33,
2012-07-26,39,2
2012-07-27,37,
2012-07-28,45.760999999999996,12.760999999999996
2012-07-29,29,
2012-07-30,27,
2012-07-31,36,9
2012-08-01,20,
2012-08-02,21,1
2012-08-03,18,
2012-08-04,21,3
2012-08-05,13,
2012-08-06,3,
2012-08-07,13,7
2012-08-08,12,
2012-08-09,6,
2012-08-10,86.73,82.89200000000001
2012-08-11,17,
2012-08-12,19.865000000000002,2.865000000000002
2012-08-13,12,
2012-08-14,25,13
2012-08-15,3.838,
2012-08-16,59,
2012-08-17,111.004,79.004
2012-08-18,42,
2012-08-19,32,
2012-08-20,132,129
2012-08-21,67,
2012-08-22,27,
2012-08-23,29,2
2012-08-24,13,
2012-08-25,19,6
2012-08-26,9,
2012-08-27,18.974,9.974
2012-08-28,3,
2012-08-29,10,
2012-08-30,36,
2012-08-31,70,27
2012-09-01,43,
2012-09-02,52.492000000000004,
2012-09-03,108,92
2012-09-04,100,
2012-09-05,16,
2012-09-06,32.907,
2012-09-07,143,97
2012-09-08,46,
2012-09-09,70,
2012-09-10,112.852,
2012-09-11,179.395,79.39500000000001
2012-09-12,143.39499999999998,
2012-09-13,100,
2012-09-14,119,
2012-09-15,141,
2012-09-16,146.277,
2012-09-17,233,212
2012-09-18,227.936,
2012-09-19,126,
2012-09-20,70,
2012-09-21,106,36
2012-09-22,66,
2012-09-23,50,
2012-09-24,25,
2012-09-25,104.86,66.86
2012-09-26,38,
2012-09-27,45,
2012-09-28,93,39
2012-09-29,54,
2012-09-30,79.328,
2012-10-01,176,151
2012-10-02,87,
2012-10-03,39,
2012-10-04,22,
2012-10-05,21,
2012-10-06,51,
2012-10-07,54.859,
2012-10-08,126.928,85.928
2012-10-09,69,
2012-10-10,41,
2012-10-11,95,
2012-10-12,167.059,141.059
2012-10-13,93,
2012-10-14,35,
2012-10-15,26,
2012-10-16,32.439,
2012-10-17,41,
2012-10-18,57,11
2012-10-19,46,
2012-10-20,60.94,19.939999999999998
2012-10-21,41,
2012-10-22,257.57,
2012-10-23,274,271
2012-10-24,59,
2012-10-25,20,
2012-10-26,29,
2012-10-27,45,25
2012-10-28,25,
2012-10-29,2,
2012-10-31,5,
2012-11-01,17,4
2012-11-02,13,
2012-11-03,15,
2012-11-04,33,24
2012-11-05,22,
2012-11-06,9,
2012-11-07,10,
2012-11-08,14,
2012-11-09,104.805,23.918000000000006
2012-11-10,80.887,
2012-11-11,107.589,31.589
2012-11-12,76,
2012-11-13,326.84299999999996,320.84299999999996
2012-11-14,153,
2012-11-15,55,
2012-11-16,36,
2012-11-17,45,
2012-11-18,47,3
2012-11-19,44,
2012-11-20,45,
2012-11-21,59,2
2012-11-22,57,
2012-11-23,85,49
2012-11-24,38,
2012-11-25,40,2
2012-11-26,36,
2012-11-27,13.555,
2012-11-28,31,
2012-11-29,35,17
2012-11-30,32,
2012-12-01,29,
2012-12-02,30.951,1.9510000000000005
2012-12-03,19,
2012-12-04,18,
2012-12-05,18,
2012-12-06,45.361000000000004,25.361000000000004
2012-12-07,20,
2012-12-08,25,
2012-12-09,51,
2012-12-10,158.035,70.68199999999999
2012-12-11,105.47800000000001,
2012-12-12,87.35300000000001,
2012-12-13,229.8,216.245
2012-12-14,79.973,
2012-12-15,6,
2012-12-16,21,
2012-12-17,22,
2012-12-18,25,
2012-12-19,36,1
2012-12-20,35,
2012-12-21,51.973,
2012-12-22,52.94,5.939999999999998
2012-12-23,47,
2012-12-24,70.137,60.137
2012-12-25,68,
2012-12-26,66.54599999999999,
2012-12-27,24,
2012-12-28,10,
2012-12-29,14,2
2012-12-30,12,
2012-12-31,17,
2013-01-01,33,13
2013-01-02,21,
2013-01-03,31,10
2013-01-04,20,
2013-01-05,31,
2013-01-06,95,
2013-01-07,169,91.726
2013-01-08,145.471,
2013-01-09,148.56799999999998,3.09699999999998
2013-01-10,77.274,
2013-01-11,603.481,601.481
2013-01-12,269.324,
2013-01-13,116.762,
2013-01-14,84.25399999999999,
2013-01-15,56,
2013-01-16,43,
2013-01-17,46,3
2013-01-18,28,
2013-01-19,24,
2013-01-20,81,16
2013-01-21,65,
2013-01-22,142,118
2013-01-23,119,
2013-01-24,141,22
2013-01-25,83,
2013-01-26,67,
2013-01-27,79.249,12.248999999999995
2013-01-28,48,
2013-01-29,26,
2013-01-30,21,
2013-01-31,90,69
2013-02-01,61.847,
2013-02-02,23,
2013-02-03,72.211,
2013-02-04,73.555,50.55500000000001
2013-02-05,14,
2013-02-06,18,
2013-02-07,62,36.655
2013-02-08,40,
2013-02-09,25.345,
2013-02-10,81,
2013-02-11,91.434,
2013-02-12,132,118
2013-02-13,59,
2013-02-14,20,
2013-02-15,45,25
2013-02-16,25,
2013-02-17,18,
2013-02-18,29,
2013-02-19,37,19
2013-02-20,28,
2013-02-21,13,
2013-02-22,17,4
2013-02-23,11,
2013-02-24,22,
2013-02-25,29,
2013-02-26,60,49
2013-02-27,37.005,
2013-02-28,17,
2013-03-01,14,
2013-03-02,10,
2013-03-03,10,
2013-03-04,16,
2013-03-05,19,7
2013-03-06,12,
2013-03-07,25.48,
2013-03-08,50,
2013-03-09,62,3
2013-03-10,59,
2013-03-11,271.953,261.953
2013-03-12,93.91,
2013-03-13,11,
2013-03-14,16,5
2013-03-15,3,
2013-03-16,12.1,
2013-03-17,43.327,33.327
2013-03-18,10,
2013-03-19,71,53
2013-03-20,65,
2013-03-21,27,
2013-03-22,25,
2013-03-23,18,
2013-03-24,18,
2013-03-25,96.809,91.809
2013-03-26,61,
2013-03-27,34,
2013-03-28,5,
2013-03-29,10,
2013-03-30,12.004,
2013-03-31,27,
2013-04-01,41.979,23.979
2013-04-02,27,
2013-04-03,23,
2013-04-04,25,2
2013-04-05,18,
2013-04-06,42.467,
2013-04-07,140.24400000000003,137.24400000000003
2013-04-08,132,
2013-04-09,26,
2013-04-10,10.58,
2013-04-11,12,
2013-04-12,15,
2013-04-13,22,11.42
2013-04-14,3,
2013-04-15,48,
2013-04-16,89,85
2013-04-17,68,
2013-04-18,8,
2013-04-19,65.33,43.33
2013-04-20,26,
2013-04-21,22,
2013-04-22,54,
2013-04-23,87.952,79.952
2013-04-24,85,
2013-04-25,43,
2013-04-26,31,
2013-04-27,27,
2013-04-28,59.858,
2013-04-29,69.514,28.513999999999996
2013-04-30,63,
2013-05-01,46,
2013-05-02,58,12
2013-05-03,41,
2013-05-04,75,48
2013-05-05,33,
2013-05-06,17,
2013-05-07,13,
2013-05-08,10,
2013-05-09,12,
2013-05-10,41,31
2013-05-11,28,
2013-05-12,30.246000000000002,2.246000000000002
2013-05-13,15,
2013-05-14,5,
2013-05-15,10,
2013-05-16,60,55
2013-05-17,37,
2013-05-18,11,
2013-05-19,27.432000000000002,16.432000000000002
2013-05-20,13,
2013-05-22,4,
2013-05-23,87.372,
2013-05-24,99,67
2013-05-25,32,
2013-05-26,68,
2013-05-27,121,118
2013-05-28,46,
2013-05-29,57,11
2013-05-30,31,
2013-05-31,15,
2013-06-01,6,
2013-06-02,8,
2013-06-03,33,8
2013-06-04,25,
2013-06-05,33,16
2013-06-06,27,
2013-06-07,17,
2013-06-08,37,30
2013-06-09,21,
2013-06-10,28,7
2013-06-11,7,
2013-06-12,17,
2013-06-13,34,
2013-06-14,43,19
2013-06-15,30,
2013-06-16,24,
2013-06-17,36,
2013-06-18,103,97
2013-06-19,73,
2013-06-20,97.842,24.842
2013-06-21,44,
2013-06-22,33.334,
2013-06-23,35,1.6659999999999968
2013-06-24,28.609,
2013-06-25,34,5.390999999999998
2013-06-26,10,
2013-06-27,12,
2013-06-28,16,6
2013-06-29,8,
2013-06-30,17,9
2013-07-01,3,
2013-07-02,14,
2013-07-03,15.321,
2013-07-04,75.555,71.555
2013-07-05,7,
2013-07-06,4,
2013-07-07,13,9
2013-07-08,4,
2013-07-09,97.044,94.044
2013-07-10,62.028,
2013-07-11,34,
2013-07-12,6,
2013-07-13,2,
2013-07-14,20,18
2013-07-15,20,
2013-07-16,1,
2013-07-17,23,21
2013-07-18,7,
2013-07-19,18.182000000000002,11.182000000000002
2013-07-20,2,
2013-07-21,8,1
2013-07-22,7,
2013-07-23,12,3
2013-07-24,9,
2013-07-25,18,13
2013-07-26,5,
2013-07-27,15,
2013-07-28,17,5
2013-07-29,12,
2013-07-30,13,
2013-07-31,21,2
2013-08-01,19,
2013-08-02,34,12
2013-08-03,22,
2013-08-04,35,
2013-08-05,54,
2013-08-06,56,
2013-08-07,84,76
2013-08-08,30,
2013-08-09,27.006,
2013-08-10,34,
2013-08-11,65,37.994
2013-08-12,40,
2013-08-13,8,
2013-08-14,16,
2013-08-15,24.558,15.558
2013-08-16,9,
2013-08-17,17,
2013-08-18,28,
2013-08-19,33,11
2013-08-20,24.917,
2013-08-21,26,1.0829999999999984
2013-08-22,22,
2013-08-23,38.074,17.073999999999998
2013-08-24,21,
2013-08-25,21,
2013-08-26,93,66
2013-08-27,59,
2013-08-28,43,
2013-08-29,31,
2013-08-30,81.50999999999999,50.50999999999999
2013-08-31,74,
2013-09-01,27,
2013-09-02,62,
2013-09-03,121,117
2013-09-04,78,
2013-09-05,75.814,
2013-09-06,95,19.186000000000007
2013-09-07,56,
2013-09-08,89.47200000000001,20.47200000000001
2013-09-09,69,
2013-09-10,73.002,
2013-09-11,100,44
2013-09-12,42,
2013-09-13,99,57
2013-09-14,21,
2013-09-15,32,11
2013-09-16,19,
2013-09-17,4,
2013-09-18,8,
2013-09-19,17,
2013-09-20,18.095,
2013-09-21,32,22
2013-09-22,10,
2013-09-23,29,
2013-09-24,34,12
2013-09-25,22,
2013-09-26,42.861000000000004,35.861000000000004
2013-09-27,16,
2013-09-28,25,9
2013-09-29,10,
2013-09-30,19,
2013-10-01,26,16
2013-10-02,7,
2013-10-03,7,
2013-10-04,19,9
2013-10-05,10,
2013-10-06,27,
2013-10-07,35,
2013-10-08,75,
2013-10-09,92.315,88.315
2013-10-10,54,
2013-10-11,32,
2013-10-12,66,34
2013-10-13,32,
2013-10-14,30.891,
2013-10-15,44.365,13.474000000000004
2013-10-16,32,
2013-10-17,20,
2013-10-18,9,
2013-10-19,12,1
2013-10-20,11,
2013-10-21,21,
2013-10-22,41,
2013-10-23,42,32
2013-10-24,14,
2013-10-25,12,
2013-10-26,10,
2013-10-27,24,
2013-10-28,44,35
2013-10-29,18,
2013-10-30,4,
2013-10-31,13,9
2013-11-01,4,
2013-11-02,55,51
2013-11-03,13,
2013-11-04,16,3
2013-11-05,4,
2013-11-06,11,
2013-11-07,14,
2013-11-08,31.937,
2013-11-09,36.95,
2013-11-10,45,
2013-11-11,67,63
2013-11-12,13,
2013-11-13,9,
2013-11-14,4,
2013-11-15,16,
2013-11-16,22,16
2013-11-17,8,
2013-11-18,6,
2013-11-19,29,
2013-11-20,183.786,175.786
2013-11-21,138,
2013-11-22,15.222999999999999,
2013-11-23,20,
2013-11-24,28,
2013-11-25,47,
2013-11-26,113.90899999999999,71.90899999999999
2013-11-27,42,
2013-11-28,130,114.777
2013-11-29,83.842,
2013-11-30,28,
2013-12-01,89.453,61.453
2013-12-02,29,
2013-12-03,8,
2013-12-04,28,20
2013-12-05,8,
2013-12-06,10,
2013-12-07,29,
2013-12-08,32,
2013-12-09,33,25
2013-12-10,14,
2013-12-11,13,
2013-12-12,19,6
2013-12-13,8,
2013-12-14,9,
2013-12-15,21,1
2013-12-16,20,
2013-12-17,109.90299999999999,95.90299999999999
2013-12-18,78,
2013-12-19,34,
2013-12-20,43,9
2013-12-21,18,
2013-12-22,18.776,
2013-12-23,64.979,46.979
2013-12-24,60,
2013-12-25,59.721000000000004,
2013-12-26,34,
2013-12-27,26,
2013-12-28,21.642,
2013-12-29,34,
2013-12-30,55.587,33.94500000000001
2013-12-31,25,
2014-01-01,19.877,
2014-01-02,18,
2014-01-03,14,
2014-01-04,28,6
2014-01-05,22,
2014-01-06,65,
2014-01-07,146.019,
2014-01-08,309.101,305.101
2014-01-09,118.364,
2014-01-10,53.835,
2014-01-11,74.614,
2014-01-12,125,
2014-01-13,126.064,72.22899999999998
2014-01-14,64.66199999999999,
2014-01-15,106.594,41.932
2014-01-16,105.616,
2014-01-17,26,
2014-01-18,78,52
2014-01-19,59,
2014-01-20,37,
2014-01-21,9,
2014-01-22,64,55
2014-01-23,13,
2014-01-24,10,
2014-01-25,8,
2014-01-26,8.867,
2014-01-27,39,
2014-01-28,106,
2014-01-29,125,117
2014-01-30,35.621,
2014-01-31,17,
2014-02-01,17,
2014-02-02,22,0
2014-02-03,22,
2014-02-04,31,14
2014-02-05,18,
2014-02-06,17,
2014-02-07,30,13
2014-02-08,18,
2014-02-09,24,6
2014-02-10,16,
2014-02-11,32,
2014-02-12,46,
2014-02-13,116,100
2014-02-14,42.716,
2014-02-15,39.173,
2014-02-16,9,
2014-02-17,20,
2014-02-18,50,41
2014-02-19,33,
2014-02-20,18,
2014-02-21,8,
2014-02-22,4,
2014-02-23,26,
2014-02-24,81,
2014-02-25,137,
2014-02-26,208.106,202.106
2014-02-27,49.72,
2014-02-28,45.241,
2014-03-01,21.304000000000002,
2014-03-02,9,
2014-03-03,36,
2014-03-04,58,49
2014-03-05,47,
2014-03-06,39,
2014-03-07,18,
2014-03-08,6,
2014-03-09,21,
2014-03-10,32,24
2014-03-11,12,
2014-03-12,18,6
2014-03-13,8,
2014-03-14,11,
2014-03-15,40.923,
2014-03-16,46.535,37.535
2014-03-17,23,
2014-03-18,13,
2014-03-19,16,3
2014-03-20,11,
2014-03-21,23,11
2014-03-22,12,
2014-03-23,27,
2014-03-24,36.006,25.006
2014-03-25,25,
2014-03-26,26,1
2014-03-27,16,
2014-03-28,19,
2014-03-29,23,7
2014-03-30,9,
2014-03-31,28,
2014-04-01,29.706,
2014-04-02,72.884,
2014-04-03,113.559,
2014-04-04,131,124.38
2014-04-05,115,
2014-04-06,71,
2014-04-07,68.187,
2014-04-08,16.829,
2014-04-09,38,21.171
2014-04-10,6.62,
2014-04-11,10,3
2014-04-12,7,
2014-04-13,10,
2014-04-14,16,
2014-04-15,22,
2014-04-16,38.624,31.624000000000002
2014-04-17,29,
2014-04-18,9,
2014-04-19,17,8
2014-04-20,7,
2014-04-21,20,
2014-04-22,29,16
2014-04-23,13,
2014-04-24,132.416,123.416
2014-04-25,64,
2014-04-26,33.370000000000005,
2014-04-27,33.953,
2014-04-28,34,0.6299999999999955
2014-04-29,10,
2014-04-30,9,
2014-05-01,11,
2014-05-02,25.856,13.856000000000002
2014-05-03,23,
2014-05-04,12,
2014-05-05,28,
2014-05-06,31,22
2014-05-07,16,
2014-05-08,13.625,
2014-05-09,10,
2014-05-10,9,
2014-05-11,24,
2014-05-12,31,
2014-05-13,61,42.519999999999996
2014-05-14,26,
2014-05-15,35,9
2014-05-16,31.745,
2014-05-17,33,1.254999999999999
2014-05-18,18.48,
2014-05-19,31.81,7
2014-05-20,24.81,
2014-05-21,55,
2014-05-22,60,40
2014-05-23,43.299,
2014-05-24,20,
2014-05-25,371.35699999999997,120.60199999999998
2014-05-26,250.755,
2014-05-27,540.8589999999999,539.8589999999999
2014-05-28,533.309,
2014-05-29,129,
2014-05-30,79.89,
2014-05-31,322.024,23.449999999999932
2014-06-01,298.57400000000007,
2014-06-02,395.79600000000005,29.58600000000007
2014-06-03,366.21,
2014-06-04,399.54,319.65000000000003
2014-06-05,261.304,
2014-06-06,209,
2014-06-07,190.359,
2014-06-08,179,
2014-06-09,140,
2014-06-10,184.565,44.565
2014-06-11,160,
2014-06-12,161,
2014-06-13,167.973,7.973000000000013
2014-06-14,64,
2014-06-15,94,
2014-06-16,106.346,15.346000000000004
2014-06-17,91,
2014-06-18,100.84100000000001,
2014-06-19,114,50
2014-06-20,86,
2014-06-21,50,
2014-06-22,45,
2014-06-23,58,13
2014-06-24,37,
2014-06-25,15,
2014-06-26,17,
2014-06-27,20,
2014-06-28,36,14
2014-06-29,22,
2014-06-30,44,29
2014-07-01,12,
2014-07-02,17,5
2014-07-03,12,
2014-07-04,55.849000000000004,43.849000000000004
2014-07-05,34.806,
2014-07-06,33.83,
2014-07-07,9,
2014-07-08,21,12
2014-07-09,9,
2014-07-10,27.856,
2014-07-11,42,18.195999999999998
2014-07-12,29.076,
2014-07-13,23.804000000000002,
2014-07-14,70,60
2014-07-15,33,
2014-07-16,39,6
2014-07-17,13,
2014-07-18,24,
2014-07-19,35,15.14
2014-07-20,19.86,
2014-07-21,53,40
2014-07-22,26.886,
2014-07-23,37,10.114
2014-07-24,30,
2014-07-25,25.98,
2014-07-26,10,
2014-07-27,20,1
2014-07-28,19,
2014-07-29,26,15
2014-07-30,11,
2014-07-31,16,
2014-08-01,36.834,20.834000000000003
2014-08-02,26,
2014-08-03,16,
2014-08-04,36,
2014-08-05,480.1429999999999,471.1429999999999
2014-08-06,279.248,
2014-08-07,151.608,
2014-08-08,89,
2014-08-09,43,
2014-08-10,35,
2014-08-11,52.705,17.705
2014-08-12,29,
2014-08-13,28,
2014-08-14,24.709,
2014-08-15,25,
2014-08-16,27,2.2910000000000004
2014-08-17,15,
2014-08-18,19,4
2014-08-19,9,
2014-08-20,26,
2014-08-21,40,16
2014-08-22,32,
2014-08-23,27,
2014-08-24,24,
2014-08-25,25,
2014-08-26,54,19
2014-08-27,35,
2014-08-28,36.74,
2014-08-29,55,36
2014-08-30,20,
2014-08-31,19,
2014-09-01,33,
2014-09-02,56,
2014-09-03,82,2.6500000000000057
2014-09-04,79.35,
2014-09-05,88.62,64.62
2014-09-06,46,
2014-09-07,29,
2014-09-08,24,
2014-09-09,30,
2014-09-10,103,
2014-09-11,150,141
2014-09-12,95,
2014-09-13,63,
2014-09-14,48,
2014-09-15,61.868,
2014-09-16,82.861,34.015
2014-09-17,77,
2014-09-18,60,
2014-09-19,61,1
2014-09-20,59,
2014-09-21,48.846000000000004,
2014-09-22,94,
2014-09-23,125,77
2014-09-24,100,
2014-09-25,63,
2014-09-26,57,
2014-09-27,42,
2014-09-28,41.729,
2014-09-29,81.12700000000001,
2014-09-30,88.485,46.756
2014-10-01,49.478,
2014-10-02,47.485,
2014-10-03,56,8.515
2014-10-04,9,
2014-10-05,13,
2014-10-06,35,
2014-10-07,41,32
2014-10-08,13,
2014-10-09,11,
2014-10-10,18,
2014-10-11,29,18
2014-10-12,17,
2014-10-13,16,
2014-10-14,27,11
2014-10-15,17,
2014-10-16,10,
2014-10-17,9,
2014-10-18,12,3
2014-10-19,8,
2014-10-20,3,
2014-10-21,8,
2014-10-22,20,16
2014-10-23,13,
2014-10-24,4,
2014-10-25,10,
2014-10-26,49,44
2014-10-27,42,
2014-10-28,13,
2014-10-29,5,
2014-10-30,6,
2014-10-31,30,25
2014-11-01,16,
2014-11-02,9,
2014-11-03,13,
2014-11-04,15,6
2014-11-05,5,
2014-11-06,15,
2014-11-07,47,
2014-11-08,60,38.120000000000005
2014-11-09,21.88,
2014-11-10,38,
2014-11-11,85.534,77.534
2014-11-12,39,
2014-11-13,50,11
2014-11-14,34,
2014-11-15,45,
2014-11-16,48,14
2014-11-17,20,
2014-11-18,8,
2014-11-19,12,3
2014-11-20,12,
2014-11-21,9,
2014-11-22,92.66,9.864999999999995
2014-11-23,82.795,
2014-11-24,144,137
2014-11-25,20,
2014-11-26,15,
2014-11-27,99,84
2014-11-28,40,
2014-11-29,36,
2014-11-30,33,
2014-12-01,29,
2014-12-02,42.876,13.875999999999998
2014-12-03,12,
2014-12-04,7,
2014-12-05,25,
2014-12-06,98,55
2014-12-07,43,
2014-12-08,101.249,79.249
2014-12-09,66,
2014-12-10,58,
2014-12-11,54,
2014-12-12,22,
2014-12-13,92.64,27.64
2014-12-14,65,
2014-12-15,123,
2014-12-16,188.78,182.78
2014-12-17,85.447,
2014-12-18,23,
2014-12-19,16,
2014-12-20,28,12
2014-12-21,7,
2014-12-22,23,3
2014-12-23,20,
2014-12-24,22,
2014-12-25,50.932,
2014-12-26,174.9,167.9
2014-12-27,73.005,
2014-12-28,84.047,
2014-12-29,155.957,82.952
2014-12-30,71,
2014-12-31,37,
2015-01-01,30,
2015-01-02,44,
2015-01-03,46,7.280999999999999
2015-01-04,38.719,
2015-01-05,73,43
2015-01-06,17,
2015-01-07,24,
2015-01-08,38,0
2015-01-09,38,
2015-01-10,48,10.363
2015-01-11,37.637,
2015-01-12,51,22
2015-01-13,29,
2015-01-14,57,
2015-01-15,66.11099999999999,49.11099999999999
2015-01-16,50,
2015-01-17,52,2
2015-01-18,35,
2015-01-19,51,
2015-01-20,54,
2015-01-21,55.045,20.045
2015-01-22,30,
2015-01-23,27,
2015-01-24,16,
2015-01-25,58,34
2015-01-26,24,
2015-01-27,32,
2015-01-28,71,
2015-01-29,154,138
2015-01-30,115,
2015-01-31,53,
2015-02-01,26,
2015-02-02,37,
2015-02-03,41,
2015-02-04,58,32
2015-02-05,48,
2015-02-06,36,
2015-02-07,22,
2015-02-08,29,
2015-02-09,54,
2015-02-10,59,
2015-02-11,102,
2015-02-12,132.126,95.126
2015-02-13,105,
2015-02-14,37,
2015-02-15,40,
2015-02-16,79,38
2015-02-17,49,
2015-02-18,42,
2015-02-19,56,14
2015-02-20,41,
2015-02-21,135,113
2015-02-22,34,
2015-02-23,41,7
2015-02-24,33,
2015-02-25,51,18
2015-02-26,45,
2015-02-27,22,
2015-02-28,10,
2015-03-01,13,
2015-03-02,14,
2015-03-03,24,14
2015-03-04,21,
2015-03-05,6,
2015-03-06,12,
2015-03-07,19,8
2015-03-08,12,
2015-03-09,13,1
2015-03-10,11,
2015-03-11,33,24
2015-03-12,9,
2015-03-13,18,
2015-03-14,33,22
2015-03-15,11,
2015-03-16,29.810000000000002,17.810000000000002
2015-03-17,14,
2015-03-18,12,
2015-03-19,23,
2015-03-20,43,21
2015-03-21,22,
2015-03-22,52,
2015-03-23,95,
2015-03-24,261.914,
2015-03-25,314.28099999999995,311.28099999999995
2015-03-26,97,
2015-03-27,44.454,
2015-03-28,37,
2015-03-29,54,17
2015-03-30,8,
2015-03-31,8,
2015-04-01,8,
2015-04-02,23,15
2015-04-03,12,
2015-04-04,7,
2015-04-05,9,
2015-04-06,34.346,8.345999999999997
2015-04-07,26,
2015-04-08,87,80
2015-04-09,29,
2015-04-10,18,
2015-04-11,7.454000000000001,
2015-04-12,6,
2015-04-13,5,
2015-04-14,22,15
2015-04-15,7,
2015-04-16,18,
2015-04-17,24,
2015-04-18,91,83
2015-04-19,44,
2015-04-20,30,
2015-04-21,12,
2015-04-22,8,
2015-04-23,132,127
2015-04-24,43,
2015-04-25,19,
2015-04-26,17,
2015-04-27,10,
2015-04-28,10,
2015-04-29,10,
2015-04-30,6,
2015-05-01,9,
2015-05-02,10,4
2015-05-03,3,
2015-05-04,11,
2015-05-05,34,30
2015-05-06,12,
2015-05-07,7,
2015-05-08,13,6
2015-05-09,7,
2015-05-10,10,3
2015-05-11,5,
2015-05-12,5,
2015-05-13,4,
2015-05-14,11,
2015-05-15,12,
2015-05-16,26,12
2015-05-17,22,
2015-05-18,18,
2015-05-19,14,
2015-05-20,51,41
2015-05-21,33,
2015-05-22,26,
2015-05-23,39,13
2015-05-24,10,
2015-05-25,109,106
2015-05-26,65,
2015-05-27,16,
2015-05-28,14,
2015-05-29,37,
2015-05-30,64.48,
2015-05-31,83.50999999999999,69.50999999999999
2015-06-01,53,
2015-06-02,28,
2015-06-03,8,
2015-06-04,24,15
2015-06-05,14,
2015-06-06,9,
2015-06-07,16,4
2015-06-08,12,
2015-06-09,21,
2015-06-10,24,16
2015-06-11,12,
2015-06-12,16.896,
2015-06-13,23,11
2015-06-14,5,
2015-06-15,11,5
2015-06-16,6,
2015-06-17,12,7
2015-06-18,1,
2015-06-19,8,
2015-06-20,10,1
2015-06-21,9,
2015-06-22,55,52
2015-06-23,16,
2015-06-24,4,
2015-06-25,8,4
2015-06-26,3,
2015-06-27,3,
2015-06-28,6,
2015-06-29,8,
2015-06-30,10.602,4.602
2015-07-01,6,
2015-07-02,17,
2015-07-03,20,
2015-07-04,42,38
2015-07-05,16,
2015-07-06,21,5
2015-07-07,9,
2015-07-08,4,
2015-07-09,5,
2015-07-10,8,
2015-07-11,58,57
2015-07-12,18,
2015-07-13,10,
2015-07-14,21,8
2015-07-15,17,
2015-07-16,13,
2015-07-17,43,33
2015-07-18,25,
2015-07-19,15,
2015-07-20,39,24
2015-07-21,15,
2015-07-22,18,3
2015-07-23,10,
2015-07-24,13,3
2015-07-25,9,
2015-07-26,11,2
2015-07-27,8,
2015-07-28,2,
2015-07-29,39,37
2015-07-30,16,
2015-07-31,14,
2015-08-01,19.867,5.867000000000001
2015-08-02,3,
2015-08-03,9,
2015-08-04,14,11
2015-08-05,4,
2015-08-06,1,
2015-08-07,18,
2015-08-08,32,28
2015-08-09,6,
2015-08-10,27.900000000000002,21.900000000000002
2015-08-11,11,
2015-08-12,8,
2015-08-13,5,
2015-08-14,5,
2015-08-16,7.795,
2015-08-17,16,11
2015-08-18,15,
2015-08-19,4,
2015-08-20,5,
2015-08-21,6,
2015-08-22,28,
2015-08-23,43,41
2015-08-24,12,
2015-08-25,8,
2015-08-26,8,
2015-08-27,2,
2015-08-28,9,7
2015-08-29,2,
2015-08-30,8,
2015-08-31,19,7
2015-09-01,12,
2015-09-02,19,12
2015-09-03,7,
2015-09-04,22,
2015-09-05,29,20
2015-09-06,22,
2015-09-07,15,
2015-09-08,27.193,12.193000000000001
2015-09-09,9,
2015-09-10,19,
2015-09-11,38.9,20.9
2015-09-12,24,
2015-09-13,30,6
2015-09-14,21,
2015-09-15,18,
2015-09-16,33,
2015-09-17,54,
2015-09-18,62.894999999999996,61.894999999999996
2015-09-19,45,
2015-09-20,12,
2015-09-21,30.3,
2015-09-22,31,19
2015-09-23,25,
2015-09-24,17,
2015-09-25,4,
2015-09-26,1,
2015-09-27,2,
2015-09-28,33,
2015-09-29,126,
2015-09-30,188.902,124.90199999999999
2015-10-01,64,
2015-10-02,67,
2015-10-03,97,
2015-10-04,99.526,
2015-10-05,152,
2015-10-06,345.692,326.692
2015-10-07,169.881,
2015-10-08,56,
2015-10-09,31,
2015-10-10,44,
2015-10-11,59,28
2015-10-12,55,
2015-10-13,19,
2015-10-14,51.881,
2015-10-15,837.9970000000001,836.9970000000001
2015-10-16,291,
2015-10-17,188.726,
2015-10-18,142,
2015-10-19,100.316,
2015-10-20,114.17799999999998,13.86199999999998
2015-10-21,37.239000000000004,
2015-10-22,60.064,22.824999999999996
2015-10-23,22.929000000000002,
2015-10-24,17,
2015-10-25,35,
2015-10-26,101,84
2015-10-27,66,
2015-10-28,57,
2015-10-29,16,
2015-10-30,47,31
2015-10-31,26,
2015-11-01,21,
2015-11-02,46,25
2015-11-03,44.406,
2015-11-04,30,
2015-11-05,27,
2015-11-06,14,
2015-11-07,4,
2015-11-08,8,
2015-11-09,14,1
2015-11-10,13,
2015-11-11,29,
2015-11-12,84,80
2015-11-13,47,
2015-11-14,36.903,
2015-11-15,22,
2015-11-16,39,
2015-11-17,41,19
2015-11-18,16.465,
2015-11-19,17,
2015-11-20,28,11.535
2015-11-21,11,
2015-11-22,24,
2015-11-23,30,19
2015-11-24,10,
2015-11-25,31,21
2015-11-26,11,
2015-11-27,8,
2015-11-28,3,
2015-11-29,13,
2015-11-30,73.695,67.695
2015-12-01,14,
2015-12-02,13,
2015-12-03,6,
2015-12-04,12,0
2015-12-05,12,
2015-12-06,20,
2015-12-07,28,6
2015-12-08,22,
2015-12-09,23,
2015-12-10,78,74
2015-12-11,70,
2015-12-12,42,
2015-12-13,4,
2015-12-14,31,
2015-12-15,50,42
2015-12-16,14,
2015-12-17,27,13
2015-12-18,18,
2015-12-19,13,
2015-12-20,8,
2015-12-21,106.42,
2015-12-22,189,185
2015-12-23,86,
2015-12-24,62.842,
2015-12-25,47.281,
2015-12-26,40,
2015-12-27,29,
2015-12-28,36,
2015-12-29,37,
2015-12-30,64,35
2015-12-31,35,
2016-01-01,17,
2016-01-02,8,
2016-01-03,5,
2016-01-04,4,
2016-01-05,193.942,190.942
2016-01-06,77,
2016-01-07,44,
2016-01-08,4,
2016-01-09,4,
2016-01-10,27,23
2016-01-11,13,
2016-01-12,22.84,9.84
2016-01-13,4,
2016-01-14,3,
2016-01-15,25,
2016-01-16,27.323,20.323
2016-01-17,8,
2016-01-18,7,
2016-01-19,12,
2016-01-20,58,55
2016-01-21,47,
2016-01-22,28,
2016-01-23,1,
2016-01-24,17,11
2016-01-25,6,
2016-01-26,6,
2016-01-27,33,32
2016-01-28,24,
2016-01-29,17,
2016-01-30,5,
2016-01-31,5,
2016-02-01,6,
2016-02-02,13,0
2016-02-03,13,
2016-02-04,15,
2016-02-05,29.809,24.809
2016-02-06,3,
2016-02-07,18,15
2016-02-08,2,
2016-02-09,6,
2016-02-10,17,
2016-02-11,23,21
2016-02-12,9,
2016-02-13,3,
2016-02-14,3,
2016-02-15,4,
2016-02-16,8,5
2016-02-17,2,
2016-02-18,2,
2016-02-19,5,3
2016-02-20,2,
2016-02-21,1.65,
2016-02-22,5,
2016-02-23,6,
2016-02-24,7,
2016-02-25,8.897,7.247
2016-02-26,1,
2016-02-27,7,6
2016-02-28,1,
2016-02-29,26,23
2016-03-01,3,
2016-03-02,5,
2016-03-03,13,
2016-03-04,63,62
2016-03-05,4,
2016-03-06,25,21
2016-03-07,4,
2016-03-08,9,
2016-03-09,11,7
2016-03-10,4,
2016-03-11,7,3
2016-03-12,5,
2016-03-13,1,
2016-03-14,10,5.025
2016-03-15,7,
2016-03-16,4.975,
2016-03-17,16,10
2016-03-18,10,
2016-03-19,13,3
2016-03-20,6,
2016-03-21,27,
2016-03-22,28,
2016-03-23,30,26
2016-03-24,24,
2016-03-25,18,
2016-03-26,13,
2016-03-27,18,
2016-03-28,27,14
2016-03-29,6,
2016-03-30,22,10
2016-03-31,14,
2016-04-01,12,
2016-04-02,14,
2016-04-03,25,
2016-04-04,26,20
2016-04-05,12,
2016-04-06,8,
2016-04-07,4,
2016-04-08,13,
2016-04-09,67.401,66.401
2016-04-10,17,
2016-04-11,33,13
2016-04-12,26,
2016-04-13,23,
2016-04-14,20,
2016-04-15,35.834,18.834000000000003
2016-04-16,29,
2016-04-17,31,2
2016-04-18,4,
2016-04-19,28,24
2016-04-20,2,
2016-04-21,1,
2016-04-22,4,1
2016-04-23,3,
2016-04-24,16,
2016-04-25,27,20
2016-04-26,7,
2016-04-27,19,
2016-04-28,46,41
2016-04-29,34,
2016-04-30,13,
2016-05-01,23,10
2016-05-02,21,
2016-05-03,7,
2016-05-04,7,
2016-05-05,6,
2016-05-06,11,0.40000000000000036
2016-05-07,10.6,
2016-05-08,20,14
2016-05-09,9,
2016-05-10,5,
2016-05-11,7,
2016-05-12,10,
2016-05-13,11,
2016-05-14,22,16
2016-05-15,22,
2016-05-16,15,
2016-05-17,10,
2016-05-18,15,5
2016-05-19,6,
2016-05-20,9,
2016-05-21,92,89
2016-05-22,80.808,
2016-05-23,81.78399999999999,0.9759999999999849
2016-05-24,50,
2016-05-25,18,
2016-05-26,13,
2016-05-27,20,
2016-05-28,22,
2016-05-29,45.601,
2016-05-30,67.66499999999999,54.66499999999999
2016-05-31,26.921,
2016-06-01,12,
2016-06-02,10,
2016-06-03,17,7
2016-06-04,6,
2016-06-05,6,
2016-06-06,25,19
2016-06-07,3,
2016-06-08,4,
2016-06-09,14,
2016-06-10,22,4
2016-06-11,18,
2016-06-12,85,
2016-06-13,98,96
2016-06-14,52,
2016-06-15,35,
2016-06-16,12,
2016-06-17,19,2
2016-06-18,17,
2016-06-19,22,
2016-06-20,32,20
2016-06-21,10,
2016-06-22,17,7
2016-06-23,4,
2016-06-24,2,
2016-06-25,8,
2016-06-26,24,13
2016-06-27,14,
2016-06-28,11,
2016-06-29,13,
2016-06-30,27,23
2016-07-01,27,
2016-07-02,10,
2016-07-03,16.968,
2016-07-04,21,11
2016-07-05,4,
2016-07-06,356.455,355.455
2016-07-07,74,
2016-07-08,77,
2016-07-09,118.608,44.608000000000004
2016-07-10,42,
2016-07-11,35,
2016-07-12,15,
2016-07-13,5,
2016-07-14,23,2
2016-07-15,21,
2016-07-16,25,20
2016-07-17,5,
2016-07-18,29,24
2016-07-19,26,
2016-07-20,3,
2016-07-21,20,10
2016-07-22,10,
2016-07-23,36,25
2016-07-24,33,
2016-07-25,18,
2016-07-26,11,
2016-07-27,15,
2016-07-28,21,9
2016-07-29,12,
2016-07-30,26.039,11.039000000000001
2016-07-31,15,
2016-08-01,51,47
2016-08-02,22,
2016-08-03,10,
2016-08-04,50,40
2016-08-05,21,
2016-08-06,4,
2016-08-07,13,
2016-08-08,71,68
2016-08-09,37,
2016-08-10,12,
2016-08-11,22,
2016-08-12,27,
2016-08-13,49,37
2016-08-14,13,
2016-08-15,24,11
2016-08-16,22,
2016-08-17,12,
2016-08-18,25,13
2016-08-19,9,
2016-08-20,3,
2016-08-21,44,12
2016-08-22,32,
2016-08-23,50.955,
2016-08-24,156,153
2016-08-25,43.396,
2016-08-26,5,
2016-08-27,6,
2016-08-28,36,30
2016-08-29,13,
2016-08-30,9,
2016-08-31,21,12
2016-09-01,11,
2016-09-02,14,3
2016-09-03,10.859,
2016-09-04,6,
2016-09-05,17.884999999999998,
2016-09-06,34,
2016-09-07,80,75
2016-09-08,79,
2016-09-09,35,
2016-09-10,39,
2016-09-11,59,24
2016-09-12,16,
2016-09-13,1,
2016-09-14,7,0
2016-09-15,7,
2016-09-16,14,11
2016-09-17,9,
2016-09-18,3,
2016-09-19,238.677,
2016-09-20,306.375,305.375
2016-09-21,105,
2016-09-22,26,
2016-09-23,21,
2016-09-24,24,3
2016-09-25,15,
2016-09-26,9,
2016-09-27,10,
2016-09-28,28,
2016-09-29,40,31
2016-09-30,15,
2016-10-01,15,
2016-10-02,11,
2016-10-03,11,
2016-10-04,13,2
2016-10-05,9,
2016-10-06,4,
2016-10-07,8,4
2016-10-08,6,
2016-10-09,1,
2016-10-11,1,
2016-10-12,3,0
2016-10-13,3,
2016-10-14,3,
2016-10-15,5,
2016-10-16,12,6
2016-10-17,6,
2016-10-18,18,13
2016-10-19,10,
2016-10-20,12,
2016-10-21,13,3
2016-10-22,5,
2016-10-23,6,
2016-10-24,25,
2016-10-25,27,25
2016-10-26,22,
2016-10-27,8,
2016-10-28,9,
2016-10-29,10,2
2016-10-31,2,
2016-11-01,8,2
2016-11-02,6,
2016-11-03,24,22
2016-11-04,9,
2016-11-05,9,
2016-11-06,4,
2016-11-07,9,5
2016-11-08,3,
2016-11-09,7,4
2016-11-10,2,
2016-11-11,22,
2016-11-12,75,74
2016-11-13,13,
2016-11-14,9,
2016-11-15,11,
2016-11-16,13,
2016-11-17,31,
2016-11-18,36,27
2016-11-19,16,
2016-11-20,18,
2016-11-21,32,16
2016-11-22,11,
2016-11-23,14,
2016-11-24,24,13
2016-11-25,13,
2016-11-26,13,
2016-11-27,16,3
2016-11-28,7,
2016-11-29,12,5
2016-11-30,5,
2016-12-01,23,
2016-12-02,37,
2016-12-03,45,32
2016-12-04,13,
2016-12-05,14,
2016-12-06,68,63
2016-12-07,66,
2016-12-08,47,
2016-12-09,29,
2016-12-10,26,
2016-12-11,9,
2016-12-12,8,
2016-12-13,4,
2016-12-14,23,19
2016-12-15,23,
2016-12-16,5,
2016-12-17,4,
2016-12-18,4,
2016-12-19,6,
2016-12-20,62.841,
2016-12-21,65,61
2016-12-22,12,
2016-12-23,8,
2016-12-24,9,1
2016-12-25,7,
2016-12-26,16.014,
2016-12-27,17,10
2016-12-28,8,
2016-12-29,3,
2016-12-30,9,3
2016-12-31,6,
2017-01-01,9,
2017-01-02,19,14
2017-01-03,5,
2017-01-04,23,
2017-01-05,39,36
2017-01-06,13,
2017-01-07,8,
2017-01-08,13,0
2017-01-09,13,
2017-01-10,26,
2017-01-11,34,
2017-01-12,35,27
2017-01-13,5.872,
2017-01-14,3,
2017-01-15,31,17
2017-01-16,14,
2017-01-17,34,12
2017-01-18,33,
2017-01-19,22,
2017-01-20,41,32
2017-01-21,31,
2017-01-22,9,
2017-01-23,11,
2017-01-24,26,11
2017-01-25,17,
2017-01-26,23,6
2017-01-27,15,
2017-01-28,15,
2017-01-29,44.305,35.305
2017-01-30,39,
2017-01-31,19,
2017-02-01,9,
2017-02-02,20,6
2017-02-03,14,
2017-02-04,24,15
2017-02-05,9,
2017-02-06,19,2
2017-02-07,17,
2017-02-08,17,
2017-02-09,51,46
2017-02-10,13,
2017-02-11,12.975,
2017-02-12,13.963000000000001,0.9880000000000013
2017-02-13,9,
2017-02-14,27,18
2017-02-15,11,
2017-02-16,7,
2017-02-17,5,
2017-02-18,10,
2017-02-19,19,
2017-02-20,69,66
2017-02-21,51,
2017-02-22,15,
2017-02-23,6,
2017-02-24,13,7
2017-02-25,8,
2017-02-26,2,
2017-02-27,31,8
2017-02-28,23,
2017-03-01,31,27
2017-03-02,17,
2017-03-03,14,
2017-03-04,14,
2017-03-05,12,
2017-03-06,8,
2017-03-07,4,
2017-03-08,34,
2017-03-09,37,35
2017-03-10,12,
2017-03-11,1,
2017-03-12,8,
2017-03-13,22,14
2017-03-14,19,
2017-03-15,8,
2017-03-16,10,
2017-03-17,15,7
2017-03-18,8,
2017-03-19,25,21
2017-03-20,18,
2017-03-21,12,
2017-03-22,4,
2017-03-23,10,3
2017-03-24,7,
2017-03-25,10,
2017-03-26,38,34
2017-03-27,20,
2017-03-28,4,
2017-03-29,11,6
2017-03-30,5,
2017-03-31,16,1
2017-04-01,15,
2017-04-02,33,18
2017-04-03,18,
2017-04-04,15,
2017-04-05,19.015,1.0150000000000006
2017-04-06,18,
2017-04-07,42,34
2017-04-08,31,
2017-04-09,31,
2017-04-10,19,
2017-04-11,8,
2017-04-12,38,
2017-04-13,523.178,
2017-04-14,731.921,729.921
2017-04-15,342,
2017-04-16,188,
2017-04-17,165,
2017-04-18,50,
2017-04-19,25,
2017-04-20,28,3
2017-04-21,18,
2017-04-22,43,17
2017-04-23,26,
2017-04-24,62,44
2017-04-25,30,
2017-04-26,20,
2017-04-27,45,
2017-04-28,53,33
2017-04-29,33,
2017-04-30,50,17
2017-05-01,43,
2017-05-02,22,
2017-05-03,17,
2017-05-04,5,
2017-05-05,19,12
2017-05-06,14,
2017-05-07,7,
2017-05-08,52.671,
2017-05-09,345.962,340.962
2017-05-10,10,
2017-05-11,23,
2017-05-12,52,42
2017-05-13,12,
2017-05-14,5,
2017-05-15,13,
2017-05-16,26,16
2017-05-17,10,
2017-05-18,11,
2017-05-19,15,4
2017-05-20,14,
2017-05-21,11,
2017-05-22,13,
2017-05-23,15,
2017-05-24,43,
2017-05-25,57,34
2017-05-26,29,
2017-05-27,38,9
2017-05-28,23,
2017-05-29,103,55
2017-05-30,48,
2017-05-31,182.864,177.864
2017-06-01,44,
2017-06-02,13,
2017-06-03,19.774,
2017-06-04,30,17
2017-06-05,25,
2017-06-06,16,
2017-06-07,12,
2017-06-08,2,
2017-06-09,10,
2017-06-10,128.637,125.637
2017-06-11,79,
2017-06-12,39.769999999999996,
2017-06-13,14,
2017-06-14,27.826999999999998,3.3859999999999992
2017-06-15,24.441,
2017-06-16,65,
2017-06-17,93,79
2017-06-18,92.62100000000001,
2017-06-19,48,
2017-06-20,33.909,
2017-06-21,28,
2017-06-22,25,
2017-06-23,19,
2017-06-24,5,
2017-06-25,9,
2017-06-26,50,45
2017-06-27,28,
2017-06-28,15,
2017-06-29,26,11
2017-06-30,20,
2017-07-01,9,
2017-07-02,26,15
2017-07-03,11,
2017-07-04,36,
2017-07-05,48,39
2017-07-06,23,
2017-07-07,19,
2017-07-08,13,
2017-07-09,27,12
2017-07-10,15,
2017-07-11,46,33
2017-07-12,12,
2017-07-13,15,
2017-07-14,27,
2017-07-15,42,30
2017-07-16,18.921,
2017-07-17,7,
2017-07-18,29.745,7.745000000000001
2017-07-19,22,
2017-07-20,41,34
2017-07-21,11,
2017-07-22,27,16
2017-07-23,3,
2017-07-24,34,15
2017-07-25,21,
2017-07-26,19,
2017-07-27,27,4
2017-07-28,23,
2017-07-29,36,13
2017-07-30,29,
2017-07-31,26,
2017-08-01,23,
2017-08-02,83,
2017-08-03,247.79500000000002,236.79500000000002
2017-08-04,50,
2017-08-05,58.925,8.924999999999997
2017-08-06,26,
2017-08-07,67,
2017-08-08,99,73
2017-08-09,41,
2017-08-10,44,
2017-08-11,50,9
2017-08-12,33,
2017-08-13,36,3
2017-08-14,20,
2017-08-15,11,
2017-08-16,15,
2017-08-17,33,
2017-08-18,108,36
2017-08-19,72,
2017-08-20,242.89000000000001,
2017-08-21,1313.444,
2017-08-22,1545.596,1544.596
2017-08-23,183.979,
2017-08-24,175.92000000000002,
2017-08-25,90.57,
2017-08-26,28,
2017-08-27,39.759,11.759
2017-08-28,33,
2017-08-29,10,
2017-08-30,6,
2017-08-31,9,3
2017-09-01,8,
2017-09-02,4,
2017-09-03,15,
2017-09-04,24,20
2017-09-05,12,
2017-09-06,5,
2017-09-07,17,12
2017-09-08,4,
2017-09-10,1,
2017-09-11,36,34
2017-09-12,17,
2017-09-13,3,
2017-09-14,5,
2017-09-15,11,8
2017-09-16,2,
2017-09-17,6,
2017-09-18,13,
2017-09-19,16,10
2017-09-20,6,
2017-09-21,44,4.385999999999996
2017-09-22,39.614000000000004,
2017-09-23,57,
2017-09-24,115.58,114.58
2017-09-25,42,
2017-09-26,24,
2017-09-27,85,61
2017-09-28,21,
2017-09-29,9,
2017-09-30,19,6
2017-10-01,16,
2017-10-02,13,
2017-10-03,39.071,30.070999999999998
2017-10-04,34,
2017-10-05,22,
2017-10-06,25,3
2017-10-07,10,
2017-10-08,2,
2017-10-09,9,5
2017-10-10,4,
2017-10-11,33,
2017-10-12,63,38
2017-10-13,25,
2017-10-14,78,42
2017-10-15,36,
2017-10-16,44,
2017-10-17,56,5
2017-10-18,51,
2017-10-19,111,
2017-10-20,114,112
2017-10-21,57,
2017-10-22,26,
2017-10-23,58.599000000000004,32.599000000000004
2017-10-24,46,
2017-10-25,20,
2017-10-26,15,
2017-10-27,12,
2017-10-28,11,
2017-10-29,3,
2017-10-30,25,5
2017-10-31,20,
2017-11-01,40,33
2017-11-02,7,
2017-11-03,46,43
2017-11-04,36,
2017-11-05,7,
2017-11-06,9,
2017-11-07,15,8
2017-11-08,7,
2017-11-09,12,
2017-11-10,15,
2017-11-11,27,20
2017-11-12,11,
2017-11-13,8,
2017-11-14,10,2
2017-11-15,2,
2017-11-16,19,
2017-11-17,34,25
2017-11-18,10,
2017-11-19,19,
2017-11-20,20,10
2017-11-21,18,
2017-11-22,9,
2017-11-23,71,69
2017-11-24,62,
2017-11-25,10,
2017-11-26,10,
2017-11-27,5,
2017-11-28,2,
2017-11-29,5,
2017-11-30,7,
2017-12-01,12,4
2017-12-02,8,
2017-12-03,17,12
2017-12-04,5,
2017-12-05,9,
2017-12-06,28,25
2017-12-07,7,
2017-12-08,17,10
2017-12-09,16,
2017-12-10,12,
2017-12-11,7,
2017-12-12,8,1
2017-12-13,8,
2017-12-14,3,
2017-12-15,15,6
2017-12-16,9,
2017-12-17,15.986,
2017-12-18,16,13
2017-12-19,4,
2017-12-20,3,
2017-12-21,56,
2017-12-22,95,90
2017-12-23,45.605000000000004,
2017-12-24,11,
2017-12-25,40,25
2017-12-26,26,
2017-12-27,15,
2017-12-28,83,72
2017-12-29,13,
2017-12-30,42,24
2017-12-31,18,
2018-01-01,32,
2018-01-02,63,50
2018-01-03,29,
2018-01-04,15,
2018-01-05,9,
2018-01-06,5,
2018-01-07,17,9
2018-01-08,9,
2018-01-09,8,
2018-01-10,12,
2018-01-11,32,26
2018-01-12,16,
2018-01-13,6,
2018-01-14,6,
2018-01-15,10,4
2018-01-16,8,
2018-01-17,6,
2018-01-18,16,7
2018-01-19,16,
2018-01-20,9,
2018-01-21,26,1
2018-01-22,25,
2018-01-23,31,
2018-01-24,43,38
2018-01-25,5,
2018-01-26,9,
2018-01-27,71,6
2018-01-28,65,
2018-01-29,101.18299999999999,99.18299999999999
2018-01-30,58.994,
2018-01-31,17,
2018-02-01,2,
2018-02-02,7,5
2018-02-03,1,
2018-02-04,9,
2018-02-05,27,
2018-02-06,39,19
2018-02-07,20,
2018-02-08,40,39
2018-02-09,19,
2018-02-10,9,
2018-02-11,19,10
2018-02-12,9,
2018-02-13,20,11
2018-02-14,11,
2018-02-15,7,
2018-02-16,5,
2018-02-17,1,
2018-02-18,3,
2018-02-19,5.698,
2018-02-20,10,
2018-02-21,12,7
2018-02-22,9,
2018-02-23,5,
2018-02-24,15,14
2018-02-25,2,
2018-02-26,3,0
2018-02-27,3,
2018-02-28,8,
2018-03-01,11,7
2018-03-02,8,
2018-03-03,7,
2018-03-04,7,
2018-03-05,6,
2018-03-06,4,
2018-03-08,8,
2018-03-09,11,9
2018-03-10,9,
2018-03-11,7,
2018-03-12,1,
2018-03-13,25,22
2018-03-14,4,
2018-03-15,3,
2018-03-16,8,4
2018-03-17,4,
2018-03-18,6,2
2018-03-19,4,
2018-03-20,13,
2018-03-21,23,20
2018-03-22,9,
2018-03-23,13,4
2018-03-24,9,
2018-03-25,6,
2018-03-26,15,9
2018-03-27,7,
2018-03-28,3,
2018-03-29,27,24
2018-03-30,9,
2018-03-31,8,
2018-04-01,3,
2018-04-02,10,
2018-04-03,21,
2018-04-04,26,
2018-04-05,26.789,22.789
2018-04-06,4,
2018-04-07,17,11
2018-04-08,12,
2018-04-09,9,
2018-04-10,9,
2018-04-11,6,
2018-04-12,33,32
2018-04-13,13.934999999999999,
2018-04-14,18,4.065000000000001
2018-04-15,17.521,
2018-04-16,10.525,
2018-04-17,13,2.4749999999999996
2018-04-18,3,
2018-04-19,5,2
2018-04-20,1,
2018-04-22,21,
2018-04-23,32.168,31.168
2018-04-24,29,
2018-04-25,17,
2018-04-26,4,
2018-04-27,4,
2018-04-28,1,
2018-04-29,5,
2018-04-30,43,42
2018-05-01,33,
2018-05-02,11,
2018-05-03,7,
2018-05-04,3,
2018-05-05,7,
2018-05-06,25.742,20.742
2018-05-07,5,
2018-05-08,10,
2018-05-09,31,28
2018-05-10,8,
2018-05-11,7,
2018-05-12,16,
2018-05-13,22,15
2018-05-14,4,
2018-05-15,2,
2018-05-16,4,
2018-05-17,8,
2018-05-18,12,
2018-05-19,28,26
2018-05-20,4,
2018-05-21,5,1
2018-05-22,2,
2018-05-23,4,
2018-05-24,15,
2018-05-25,29,20
2018-05-26,15,
2018-05-27,9,
2018-05-28,39,37
2018-05-29,6,
2018-05-30,12.875,2.875
2018-05-31,10,
2018-06-01,24.767,18.767
2018-06-02,18,
2018-06-03,11,
2018-06-04,12,1
2018-06-05,2,
2018-06-06,4,1
2018-06-07,3,
2018-06-08,10,4
2018-06-09,6,
2018-06-10,16,
2018-06-11,19,17
2018-06-12,5,
2018-06-13,2,
2018-06-15,12,6
2018-06-16,6,
2018-06-17,15,13
2018-06-18,7,
2018-06-19,2,
2018-06-20,1,
2018-06-21,6,4
2018-06-22,2,
2018-06-23,5,1
2018-06-24,4,
2018-06-25,10,9
2018-06-26,2,
2018-06-27,4,2
2018-06-28,1,
2018-06-29,6.761,4.761
2018-06-30,2,
2018-07-01,6,2
2018-07-02,4,
2018-07-03,22,
2018-07-04,30,25.52
2018-07-05,4.48,
2018-07-06,9,
2018-07-07,34,9
2018-07-08,25,
2018-07-09,35,
2018-07-10,38,
2018-07-11,58,
2018-07-12,64.339,63.339
2018-07-13,26,
2018-07-14,17,
2018-07-15,12,
2018-07-16,15,3
2018-07-17,8,
2018-07-18,36,28
2018-07-19,24,
2018-07-20,14,
2018-07-21,9,
2018-07-22,7,
2018-07-23,9,
2018-07-24,16,9
2018-07-25,7,
2018-07-26,5,
2018-07-27,5,
2018-07-28,15,
2018-07-29,28,23
2018-07-30,18,
2018-07-31,2,
2018-08-01,5,3
2018-08-02,2,
2018-08-03,7,0
2018-08-04,7,
2018-08-05,32,30
2018-08-06,1,
2018-08-07,10,8
2018-08-08,2,
2018-08-09,5,3
2018-08-10,2,
2018-08-12,5,
2018-08-13,31,
2018-08-14,33,19
2018-08-15,31,
2018-08-16,14,
2018-08-17,67,62
2018-08-18,47,
2018-08-19,15,
2018-08-20,30,15
2018-08-21,16,
2018-08-22,21,5
2018-08-23,14,
2018-08-24,6,
2018-08-25,6,
2018-08-26,46,40
2018-08-27,30,
2018-08-28,10,
2018-08-29,11,
2018-08-30,16,6
2018-08-31,5,
2018-09-01,12,
2018-09-02,33,
2018-09-03,122.798,121.798
2018-09-04,30,
2018-09-05,25,
2018-09-06,12,
2018-09-07,34,22
2018-09-08,5,
2018-09-09,7,
2018-09-10,18,
2018-09-11,95,90
2018-09-12,22,
2018-09-13,2,
2018-09-14,3,1
2018-09-16,2,
2018-09-17,2,
2018-09-18,4,
2018-09-19,10,8
2018-09-20,1,
2018-09-21,6,5
2018-09-22,1,
2018-09-23,5,
2018-09-24,7,6
2018-09-25,4,
2018-09-26,6,2
2018-09-27,1,
2018-09-28,1,
2018-09-29,3,
2018-09-30,13,
2018-10-01,29,26
2018-10-02,9,
2018-10-03,19,10
2018-10-04,3,
2018-10-06,5,
2018-10-07,7,
2018-10-08,29,28
2018-10-09,1,
2018-10-10,8,5
2018-10-11,3,
2018-10-12,5,
2018-10-13,13,10
2018-10-14,3,
2018-10-15,5,
2018-10-16,8,5
2018-10-17,3,
2018-10-18,35,30
2018-10-19,35,
2018-10-20,33,
2018-10-21,28,
2018-10-22,24,
2018-10-23,18,
2018-10-24,8,
2018-10-25,5,
2018-10-26,9,4
2018-10-27,5,
2018-10-28,5,
2018-10-29,9,
2018-10-30,20,
2018-10-31,36,
2018-11-01,54,36
2018-11-02,18,
2018-11-03,23,
2018-11-04,32,
2018-11-05,85.824,80.824
2018-11-06,21,
2018-11-07,5,
2018-11-08,35,29
2018-11-09,27,
2018-11-10,6,
2018-11-11,43,38
2018-11-12,31,
2018-11-13,22,
2018-11-14,7,
2018-11-15,5,
2018-11-16,7,
2018-11-17,16,
2018-11-18,17,
2018-11-19,30,
2018-11-20,50,36
2018-11-21,14,
2018-11-22,103.956,96.956
2018-11-23,44.661,
2018-11-24,25,
2018-11-25,7,
2018-11-26,17,
2018-11-27,123,119
2018-11-28,49,
2018-11-29,17,
2018-11-30,6,
2018-12-01,16,9
2018-12-02,7,
2018-12-03,10,
2018-12-04,16,10
2018-12-05,14,
2018-12-06,9,
2018-12-07,14,5
2018-12-08,4,
2018-12-09,9,4
2018-12-10,8,
2018-12-11,5,
2018-12-12,6,
2018-12-13,7,1
2018-12-14,6,
2018-12-15,6,
2018-12-16,15,
2018-12-17,28,9
2018-12-18,19,
2018-12-19,66,
2018-12-20,203.387,
2018-12-21,449.885,448.885
2018-12-22,152.557,
2018-12-23,137.97,
2018-12-24,82.725,
2018-12-25,46,
2018-12-26,185,139
2018-12-27,141.003,
2018-12-28,41,
2018-12-29,31,
2018-12-30,33,2
2018-12-31,30,
2019-01-01,9,
2019-01-02,140.253,
2019-01-03,179.84699999999998,170.84699999999998
2019-01-04,117.926,
2019-01-05,102.38,
2019-01-06,61,
2019-01-07,29,
2019-01-08,23,
2019-01-09,18,
2019-01-10,13,
2019-01-11,15,
2019-01-12,19,6
2019-01-13,16,
2019-01-14,13,
2019-01-15,9,
2019-01-16,21.055,
2019-01-17,255.914,246.914
2019-01-18,213.883,
2019-01-19,59,
2019-01-20,18,
2019-01-21,34,15
2019-01-22,19,
2019-01-23,43,25
2019-01-24,23,
2019-01-25,5,
2019-01-26,8,
2019-01-27,19,
2019-01-28,111.662,106.662
2019-01-29,62,
2019-01-30,53.642,
2019-01-31,56.503,2.860999999999997
2019-02-01,50.67,
2019-02-02,18,
2019-02-03,54,
2019-02-04,72,
2019-02-05,85.02600000000001,67.02600000000001
2019-02-06,74.345,
2019-02-07,20.474,
2019-02-08,23,2.526
2019-02-09,5,
2019-02-10,22,
2019-02-11,22.344,17.344
2019-02-12,16.537,
2019-02-13,12,
2019-02-14,12,
2019-02-15,4,
2019-02-16,8,
2019-02-17,23,19
2019-02-18,14,
2019-02-19,7,
2019-02-20,12,5
2019-02-21,9,
2019-02-22,2,
2019-02-23,4,2
2019-02-24,2,
2019-02-25,18.551000000000002,
2019-02-26,42.230000000000004,40.230000000000004
2019-02-27,4,
2019-02-28,14,
2019-03-01,17,6
2019-03-02,11,
2019-03-03,19,15
2019-03-04,1,
2019-03-05,27,26
2019-03-06,4,
2019-03-07,21,17
2019-03-08,10.943999999999999,
2019-03-09,5,
2019-03-10,11,6
2019-03-11,7,
2019-03-12,1,
2019-03-13,9,8
2019-03-14,1,
2019-03-15,8,
2019-03-16,13,5.802
2019-03-17,7.198,
2019-03-18,16,10
2019-03-19,6,
2019-03-20,10,
2019-03-21,11,
2019-03-22,75,74
2019-03-23,4,
2019-03-24,3,
2019-03-25,6,3
2019-03-26,3,
2019-03-27,14,11
2019-03-28,3,
2019-03-29,3,
2019-03-30,8,
2019-03-31,14,8
2019-04-01,10,
2019-04-02,10,
2019-04-03,6,
2019-04-04,19,15
2019-04-05,4,
2019-04-06,7,
2019-04-07,11,
2019-04-08,36,
2019-04-09,50,40
2019-04-10,19,
2019-04-11,48.944,29.944000000000003
2019-04-12,39,
2019-04-13,32,
2019-04-14,45,13
2019-04-15,10,
2019-04-16,61,58
2019-04-17,17,
2019-04-18,9,
2019-04-19,21.683,12.683
2019-04-20,4,
2019-04-21,1,
2019-04-22,8,2
2019-04-23,6,
2019-04-24,8,4
2019-04-25,4,
2019-04-26,8.925,4.925000000000001
2019-04-27,4,
2019-04-28,9,
2019-04-29,11,
2019-04-30,20,19
2019-05-01,5,
2019-05-02,13,
2019-05-03,19,14
2019-05-04,13,
2019-05-05,14,1
2019-05-06,8,
2019-05-07,8,
2019-05-08,4,
2019-05-09,1,
2019-05-10,9,3
2019-05-11,6,
2019-05-12,13.434,
2019-05-13,18,
2019-05-14,36,12
2019-05-15,24,
2019-05-16,27.389,
2019-05-17,39,33
2019-05-18,6,
2019-05-19,13,
2019-05-20,14,
2019-05-21,15,
2019-05-22,35,
2019-05-23,77.987,75.987
2019-05-24,22,
2019-05-25,15,
2019-05-26,21.766,
2019-05-27,75,60
2019-05-28,17,
2019-05-29,3,
2019-05-30,4,
2019-05-31,5,2
2019-06-01,2,
2019-06-02,5,
2019-06-03,8,
2019-06-04,10,
2019-06-05,14,11
2019-06-06,13,
2019-06-07,3,
2019-06-08,17,15
2019-06-09,10,
2019-06-10,2,
2019-06-11,17,13
2019-06-12,5,
2019-06-13,10,5
2019-06-14,6,
2019-06-15,8,2
2019-06-16,4,
2019-06-17,8,
2019-06-18,13,5
2019-06-19,8,
2019-06-20,44.915000000000006,
2019-06-21,71,69
2019-06-22,26,
2019-06-23,13,
2019-06-24,14,1
2019-06-25,9,
2019-06-26,28,
2019-06-27,53.018,44.018
2019-06-28,19,
2019-06-29,16,
2019-06-30,8,
2019-07-01,28,20
2019-07-02,24,
2019-07-03,17,
2019-07-04,19,
2019-07-05,24.215,7.215
2019-07-06,13,
2019-07-07,9,
2019-07-08,7,
2019-07-09,6,
2019-07-10,5,
2019-07-11,9,3
2019-07-12,6,
2019-07-13,9,3
2019-07-14,6,
2019-07-15,13,8
2019-07-16,7,
2019-07-17,2,
2019-07-18,8,6
2019-07-19,6,
2019-07-20,2,
2019-07-21,3,
2019-07-22,114.852,113.852
2019-07-23,86.852,
2019-07-24,12,
2019-07-25,9,
2019-07-27,1,
2019-07-28,31,23
2019-07-29,8,
2019-07-30,42,
2019-07-31,62,42
2019-08-01,20,
2019-08-02,131.021,130.021
2019-08-03,31,
2019-08-04,24,
2019-08-05,15,
2019-08-06,7,
2019-08-07,2,
2019-08-08,5,3
2019-08-09,1,
2019-08-10,1,
2019-08-11,11,
2019-08-12,16.566,12.565999999999999
2019-08-13,6,
2019-08-14,11,5
2019-08-15,4,
2019-08-16,91.788,24.23299999999999
2019-08-17,67.555,
2019-08-18,179.51000000000002,173.51000000000002
2019-08-19,152.83599999999998,
2019-08-20,94,
2019-08-21,96,2
2019-08-22,72,
2019-08-23,32.329,
2019-08-24,35,2.6709999999999994
2019-08-25,11,
2019-08-26,6,
2019-08-27,24,
2019-08-28,31.293,
2019-08-29,50,
2019-08-30,71,56
2019-08-31,33,
2019-09-01,29,
2019-09-02,24.62,
2019-09-03,61.726,37.105999999999995
2019-09-04,15,
2019-09-05,38.193,
2019-09-06,52,16
2019-09-07,36,
2019-09-08,349.33000000000004,
2019-09-09,392.66,391.66
2019-09-10,234.924,
2019-09-11,162.36,
2019-09-12,43,
2019-09-13,31,
2019-09-14,71,40
2019-09-15,60,
2019-09-16,22,
2019-09-17,25,3
2019-09-18,20,
2019-09-19,47,
2019-09-20,54,34
2019-09-21,12,
2019-09-22,37,25
2019-09-23,17,
2019-09-24,9,
2019-09-25,3,
2019-09-26,15,9
2019-09-27,6,
2019-09-28,48.075,45.075
2019-09-29,7,
2019-09-30,4,
2019-10-01,6,2
2019-10-02,3,
2019-10-03,4,1
2019-10-04,1,
2019-10-05,9,1
2019-10-06,8,
2019-10-07,27,12
2019-10-08,22,
2019-10-09,15,
2019-10-10,32,15
2019-10-11,20,
2019-10-12,29,9
2019-10-13,19,
2019-10-14,17,
2019-10-15,17,
2019-10-16,46.692,26.692
2019-10-17,29,
2019-10-18,20,
2019-10-19,20,
2019-10-20,41,
2019-10-21,57,
2019-10-22,74,72
2019-10-23,19,
2019-10-24,4,
2019-10-25,11.011,5.010999999999999
2019-10-26,6,
2019-10-27,61,57
2019-10-28,33,
2019-10-29,26.895,
2019-10-30,11,
2019-10-31,2,
2019-11-01,8,4
2019-11-02,4,
2019-11-03,18,14
2019-11-04,7,
2019-11-05,9,2
2019-11-06,4,
2019-11-07,4,
2019-11-08,5,
2019-11-09,8,
2019-11-10,19,
2019-11-11,54,49
2019-11-12,25,
2019-11-13,11,
2019-11-14,8,
2019-11-15,5,
2019-11-16,14,7
2019-11-17,7,
2019-11-18,8,
2019-11-19,15,
2019-11-20,36,31
2019-11-21,12,
2019-11-22,10,
2019-11-23,6,
2019-11-24,9,3
2019-11-25,8,
2019-11-26,5,
2019-11-27,5,
2019-11-28,122,
2019-11-29,358.51,357.51
2019-11-30,179,
2019-12-01,82,
2019-12-02,62.665,
2019-12-03,5,
2019-12-04,9,1
2019-12-05,8,
2019-12-06,18,11
2019-12-07,7,
2019-12-08,16,
2019-12-09,76,
2019-12-10,110.788,105.788
2019-12-11,20,
2019-12-12,1,
2019-12-13,5,
2019-12-14,17.229,
2019-12-15,140.95,139.95
2019-12-16,81,
2019-12-17,4,
2019-12-18,6,
2019-12-19,18,
2019-12-20,36,21
2019-12-21,15,
2019-12-22,16,
2019-12-23,46,
2019-12-24,55,
2019-12-25,69,58.598
2019-12-26,32,
2019-12-27,19,
2019-12-28,15.398,
2019-12-29,10.402000000000001,
2019-12-30,33,21
2019-12-31,12,
2020-01-01,23,
2020-01-02,25,
2020-01-03,83,79
2020-01-04,45,
2020-01-05,41,
2020-01-06,52,6
2020-01-07,46,
2020-01-08,61.86,20.86
2020-01-09,48,
2020-01-10,30,
2020-01-11,43.785,13.784999999999997
2020-01-12,43,
2020-01-13,28,
2020-01-14,34,
2020-01-15,42,14
2020-01-16,6,
2020-01-17,19,
2020-01-18,26,20
2020-01-19,10,
2020-01-20,2,
2020-01-21,8,
2020-01-22,12,10
2020-01-23,1,
2020-01-24,6,1
2020-01-25,6,
2020-01-26,5,
2020-01-27,11,
2020-01-28,19,8
2020-01-29,11,
2020-01-30,22,21
2020-01-31,8,
2020-02-01,1,
2020-02-02,12,11
2020-02-03,1,
2020-02-04,18,
2020-02-05,19,
2020-02-06,27,25
2020-02-07,2,
2020-02-08,58.68,
2020-02-09,85.661,79.661
2020-02-10,42,
2020-02-11,14,
2020-02-12,6,
2020-02-13,37.795,
2020-02-14,49,1
2020-02-15,48,
2020-02-16,57.814,50.814
2020-02-17,15,
2020-02-18,12,
2020-02-19,9,
2020-02-20,7,
2020-02-21,98,93
2020-02-22,39,
2020-02-23,67,28
2020-02-24,17,
2020-02-25,29,12
2020-02-26,17,
2020-02-27,5,
2020-02-28,35,
2020-02-29,171.016,170.016
2020-03-01,104.81,
2020-03-02,123,18.189999999999998
2020-03-03,47.766999999999996,
2020-03-04,29,
2020-03-05,21,
2020-03-06,47,26
2020-03-07,30,
2020-03-08,8,
2020-03-09,11,
2020-03-10,16,8
2020-03-11,15,
2020-03-12,5,
2020-03-13,7,2
2020-03-15,3,
2020-03-16,2,
2020-03-17,2,
2020-03-18,8,2
2020-03-19,6,
2020-03-20,9,7
2020-03-21,1,
2020-03-22,4,
2020-03-23,18,17
2020-03-24,8,
2020-03-25,15,
2020-03-26,16,8
2020-03-27,4,
2020-03-28,3,
2020-03-30,10,7
2020-03-31,8,
2020-04-01,9,1
2020-04-02,4,
2020-04-03,3,
2020-04-04,3,
2020-04-05,5,2
2020-04-06,2,
2020-04-07,3,
2020-04-08,4,
2020-04-09,10,8
2020-04-10,5,
2020-04-11,3,
2020-04-12,1,
2020-04-13,2,0
2020-04-14,2,
2020-04-15,6,5
2020-04-16,6,
2020-04-17,1,
2020-04-21,1,
2020-04-22,4,3
2020-04-23,1,
2020-04-24,8,7
2020-04-25,2,
2020-04-26,3,
2020-04-27,4,
2020-04-28,5,3
2020-04-29,5,
2020-04-30,1,
2020-05-01,1,
2020-05-03,2,
2020-05-05,4,3
2020-05-06,4,
2020-05-07,4,
2020-05-08,1,
2020-05-10,1,
2020-05-11,2,
2020-05-12,3,
2020-05-13,10,9
2020-05-14,3,
2020-05-15,5,2
2020-05-19,2,
2020-05-20,1,
2020-05-21,5,
2020-05-22,11,8
2020-05-23,3,
2020-05-24,11,
2020-05-25,37.541,36.541
2020-05-26,6,
2020-05-27,20.82,
2020-05-28,33,27
2020-05-29,7,
2020-05-30,1,
2020-05-31,3,2
2020-06-01,3,
2020-06-02,1,
2020-06-03,3,
2020-06-04,21,20
2020-06-05,7,
2020-06-06,3,
2020-06-07,5,2
2020-06-08,2,
2020-06-09,1,
2020-06-10,1,
2020-06-11,4,
2020-06-12,6.616,
2020-06-13,8,6
2020-06-14,4,
2020-06-16,2,
2020-06-17,9,8
2020-06-18,4,
2020-06-19,1,
2020-06-20,3,
2020-06-21,8,5
2020-06-22,4,
2020-06-23,3,
2020-06-24,6.025,2.0250000000000004
2020-06-25,4,
2020-06-26,25,
2020-06-27,80,
2020-06-28,151,
2020-06-29,305.88599999999997,304.88599999999997
2020-06-30,230,
2020-07-01,238.53,8.530000000000001
2020-07-02,118.783,
2020-07-03,95.657,
2020-07-04,43.528999999999996,
2020-07-05,58,14.471000000000004
2020-07-06,27,
2020-07-07,19,
2020-07-08,25,
2020-07-09,31,12
2020-07-10,19,
2020-07-11,14,
2020-07-12,5,
2020-07-13,15,10
2020-07-14,15,
2020-07-15,3,
2020-07-16,12,9
2020-07-17,2,
2020-07-19,3,
2020-07-20,11,
2020-07-21,24,22
2020-07-22,14,
2020-07-23,22.646,8.646
2020-07-24,16,
2020-07-25,2,
2020-07-26,17,
2020-07-27,21,1
2020-07-28,20,
2020-07-29,115.926,113.926
2020-07-30,36,
2020-07-31,15,
2020-08-01,5,
2020-08-02,11,6
2020-08-03,3,
2020-08-04,5,
2020-08-05,6,0
2020-08-06,6,
2020-08-07,9,
2020-08-08,11,8
2020-08-09,10,
2020-08-10,7,
2020-08-11,3,
2020-08-12,4,
2020-08-13,7,4
2020-08-14,5,
2020-08-15,2,
2020-08-16,4.9,
2020-08-17,16.322,14.322
2020-08-18,4,
2020-08-19,12,8
2020-08-20,8,
2020-08-21,3.9299999999999997,
2020-08-22,2,
2020-08-23,5,
2020-08-24,10,
2020-08-25,11,
2020-08-26,32,30
2020-08-27,4,
2020-08-28,7,2
2020-08-29,5,
2020-08-30,8,4
2020-08-31,3,
2020-09-01,2,
2020-09-02,13,
2020-09-03,18,
2020-09-04,68,44
2020-09-05,54,
2020-09-06,26,
2020-09-07,29,3
2020-09-08,24,
2020-09-09,42,13
2020-09-10,29,
2020-09-11,42,
2020-09-12,85.3,83.3
2020-09-13,50.774,
2020-09-14,22,
2020-09-15,15,
2020-09-16,13,
2020-09-17,6,
2020-09-18,9,3
2020-09-19,5,
2020-09-20,5,
2020-09-21,11,
2020-09-22,13,8
2020-09-23,5,
2020-09-24,4,
2020-09-26,9,5
2020-09-27,3,
2020-09-28,2,
2020-09-30,1,
2020-10-01,4,0
2020-10-02,4,
2020-10-03,5,1
2020-10-04,4,
2020-10-05,5,
2020-10-07,9,
2020-10-08,18,16
2020-10-09,13,
2020-10-10,11.889,
2020-10-11,10,
2020-10-12,12,2
2020-10-13,6,
2020-10-14,2,
2020-10-15,11,2
2020-10-16,9,
2020-10-17,20,19
2020-10-18,16,
2020-10-19,2,
2020-10-20,1,
2020-10-21,3,
2020-10-22,15,12
2020-10-23,3,
2020-10-24,26,25
2020-10-25,17,
2020-10-26,14,
2020-10-27,7,
2020-10-28,1,
2020-10-29,1,
2020-10-30,11,9
2020-10-31,2,
2020-11-01,12,11
2020-11-02,5,
2020-11-05,1,
2020-11-06,1,
2020-11-08,2,
2020-11-09,9,
2020-11-10,11,
2020-11-11,23,
2020-11-12,53,35
2020-11-13,18,
2020-11-14,46,10
2020-11-15,36,
2020-11-16,135.199,
2020-11-17,248,247
2020-11-18,161,
2020-11-19,20,
2020-11-20,19,
2020-11-21,61,42
2020-11-22,48,
2020-11-23,4,
2020-11-24,10,
2020-11-25,13,
2020-11-26,38,34
2020-11-27,26,
2020-11-28,27,1
2020-11-29,16,
2020-11-30,18,2
2020-12-01,5,
2020-12-02,8,1
2020-12-03,7,
2020-12-04,8,3
2020-12-05,2,
2020-12-06,23,
2020-12-07,24,
2020-12-08,25,22
2020-12-09,20,
2020-12-10,4,
2020-12-11,13,9
2020-12-12,4,
2020-12-13,6,0
2020-12-14,6,
2020-12-15,15,11
2020-12-16,3,
2020-12-17,5,
2020-12-18,15,9
2020-12-19,15,
2020-12-20,12.428,
2020-12-21,7,
2020-12-22,11,4
2020-12-23,8,
2020-12-24,10,2
2020-12-25,6,
2020-12-26,18,15
2020-12-27,17,
2020-12-28,11,
2020-12-29,10,
2020-12-30,3,
2020-12-31,32,30
2021-01-01,12,
2021-01-02,6,
2021-01-03,9,3
2021-01-04,4,
2021-01-05,1,
2021-01-06,13,12
2021-01-07,9,
2021-01-08,2,
2021-01-09,1,
2021-01-10,7,
2021-01-11,10,5
2021-01-12,5,
2021-01-13,29,
2021-01-14,48,47
2021-01-15,35,
2021-01-16,33,
2021-01-17,29.069,
2021-01-18,22,
2021-01-19,18,
2021-01-20,14,
2021-01-21,8,
2021-01-22,15,7
2021-01-23,7,
2021-01-24,2,
2021-01-25,13,6
2021-01-26,7,
2021-01-27,18,
2021-01-28,28,26
2021-01-29,8,
2021-01-30,3,
2021-01-31,11,
2021-02-01,13,10
2021-02-02,3,
2021-02-03,3,
2021-02-04,16,13
2021-02-05,10,
2021-02-07,5,
2021-02-08,2,
2021-02-09,3,1
2021-02-10,1,
2021-02-11,13,10
2021-02-12,4,
2021-02-13,3,
2021-02-14,13,9
2021-02-15,4,
2021-02-16,26,23
2021-02-17,3,
2021-02-18,6,
2021-02-19,24,21
2021-02-20,3,
2021-02-21,27.851,26.851
2021-02-22,27.162,
2021-02-23,7,
2021-02-24,12,5
2021-02-25,5,
2021-02-26,7,2
2021-02-27,1,
2021-02-28,5,1
2021-03-01,4,
2021-03-02,9,7
2021-03-03,2,
2021-03-04,28,27
2021-03-05,16,
2021-03-06,22,6
2021-03-08,8,
2021-03-09,1,
2021-03-10,6,3
2021-03-11,3,
2021-03-12,6,2
2021-03-13,4,
2021-03-14,12,10
2021-03-15,2,
2021-03-16,13,
2021-03-17,17,10
2021-03-18,7,
2021-03-19,26,23
2021-03-20,3,
2021-03-21,51,
2021-03-22,68,67
2021-03-23,17,
2021-03-24,16,
2021-03-25,48,32
2021-03-26,34.959,
2021-03-27,14,
2021-03-28,21,
2021-03-29,25,11
2021-03-30,6,
2021-03-31,1,
2021-04-01,4,3
2021-04-02,4,
2021-04-03,4,
2021-04-04,1,
2021-04-05,1,
2021-04-06,1,
2021-04-07,2,
2021-04-08,9,6
2021-04-09,3,
2021-04-10,10,
2021-04-11,13,
2021-04-12,15,
2021-04-13,99.682,
2021-04-14,754.785,753.785
2021-04-15,443.437,
2021-04-16,120,
2021-04-17,122,
2021-04-18,358.506,238.50599999999997
2021-04-19,58,
2021-04-20,12,
2021-04-21,20,8
2021-04-22,12,
2021-04-23,19,7
2021-04-24,7,
2021-04-25,26,
2021-04-26,35,16
2021-04-27,19,
2021-04-28,44,10
2021-04-29,34,
2021-04-30,80,73
2021-05-01,67.498,
2021-05-02,44,
2021-05-03,62,18
2021-05-04,25,
2021-05-05,40,
2021-05-06,60,26
2021-05-07,34,
2021-05-08,48,
2021-05-09,71,46
2021-05-10,69,
2021-05-11,8,
2021-05-12,19,11
2021-05-13,9,
2021-05-14,7,
2021-05-15,2,
2021-05-16,29,27
2021-05-17,27,
2021-05-18,9,
2021-05-19,9,
2021-05-20,5,
2021-05-21,5,
2021-05-22,5,
2021-05-23,17,12
2021-05-24,5,
2021-05-25,2,
2021-05-26,22.817999999999998,11.817999999999998
2021-05-27,11,
2021-05-28,59.016999999999996,38.985
2021-05-29,20.032,
2021-05-30,66,
2021-05-31,110,108
2021-06-01,11,
2021-06-02,1,
2021-06-03,3,1
2021-06-04,3,
2021-06-05,3,
2021-06-06,2,
2021-06-07,16,
2021-06-08,21,
2021-06-09,30,2
2021-06-10,28,
2021-06-11,30,15
2021-06-12,17,
2021-06-13,15,
2021-06-14,70,69
2021-06-15,24,
2021-06-16,49,25
2021-06-17,30,
2021-06-18,28.825,
2021-06-19,1,
2021-06-20,26,
2021-06-21,32,18
2021-06-22,14,
2021-06-23,60.505,30.505000000000003
2021-06-24,30,
2021-06-25,70,55
2021-06-26,43,
2021-06-27,31,
2021-06-28,15,
2021-06-29,35,
2021-06-30,67.511,31.510999999999996
2021-07-01,36,
2021-07-02,301.62,180.88
2021-07-03,170.85,
2021-07-04,138.169,
2021-07-05,220.618,82.44899999999998
2021-07-06,174,
2021-07-07,120.74000000000001,
2021-07-08,643.924,635.924
2021-07-09,415.081,
2021-07-10,185.666,
2021-07-11,142.881,
2021-07-12,211.48700000000002,68.60600000000002
2021-07-13,89,
2021-07-14,177,88
2021-07-15,82,
2021-07-16,62,
2021-07-17,33,
2021-07-18,52,19
2021-07-19,34,
2021-07-20,20,
2021-07-21,73,47
2021-07-22,37,
2021-07-23,62,25
2021-07-24,26,
2021-07-25,33,
2021-07-26,88.766,68.766
2021-07-27,39,
2021-07-28,16,
2021-07-29,41,
2021-07-30,67,51
2021-07-31,36,
2021-08-01,8,
2021-08-02,40,25
2021-08-03,38,
2021-08-04,27.955,
2021-08-05,21,
2021-08-06,15,
2021-08-07,61,
2021-08-08,119,
2021-08-09,147.863,70.863
2021-08-10,77,
2021-08-11,117.177,
2021-08-12,470.488,
2021-08-13,959.991,70.86900000000003
2021-08-14,889.122,
2021-08-15,1923.401,
2021-08-16,2343.174,Infinity
2021-08-17,2164.004,
2021-08-18,1607.2659999999998,
2021-08-19,1528.168,
2021-08-20,1567.7579999999998,39.58999999999992
2021-08-21,1244.141,
2021-08-22,1317.29,73.14899999999989
2021-08-23,1223.3319999999999,
2021-08-24,1429.9270000000001,
2021-08-25,1468.0610000000001,
2021-08-26,1669.1419999999998,445.80999999999995
2021-08-27,1571.2479999999998,
2021-08-28,1254.719,
2021-08-29,736.323,
2021-08-30,1485.812,
2021-08-31,2213.9709999999995,1477.6479999999997
2021-09-01,1431.181,
2021-09-02,513.8090000000001,
2021-09-03,663.177,149.36799999999994
2021-09-04,487.911,
2021-09-05,551.822,
2021-09-06,716.024,207.40399999999994
2021-09-07,634.32,
2021-09-08,508.62000000000006,
2021-09-09,518.08,
2021-09-10,603.299,16.034999999999968
2021-09-11,587.264,
2021-09-12,645.312,
2021-09-13,882.841,394.93
2021-09-14,834.659,
2021-09-15,205,
2021-09-16,251,
2021-09-17,315.495,74.66499999999999
2021-09-18,240.83,
2021-09-19,353.69199999999995,148.69199999999995
2021-09-20,265.856,
2021-09-21,316.851,50.995000000000005
2021-09-22,147,
2021-09-23,125,
2021-09-24,106,
2021-09-25,129.461,
2021-09-26,141,
2021-09-27,145,
2021-09-28,991,885
2021-09-29,698,
2021-09-30,181.256,
2021-10-01,84,
2021-10-02,76.821,
2021-10-03,182,105.179
2021-10-04,108.07,
2021-10-05,80.63300000000001,
2021-10-06,76,
2021-10-07,76,
2021-10-08,81,
2021-10-09,90.795,
2021-10-10,104,28
2021-10-11,86,
2021-10-12,82,
2021-10-13,55,
2021-10-14,76.232,
2021-10-15,128.028,73.02799999999999
2021-10-16,53,
2021-10-17,62.010999999999996,
2021-10-18,121,68
2021-10-19,87,
2021-10-20,79.434,
2021-10-21,46,
2021-10-22,52,6
2021-10-23,45,
2021-10-24,72.096,27.096000000000004
2021-10-25,33,
2021-10-26,65,
2021-10-27,94,54
2021-10-28,49,
2021-10-29,87.015,38.015
2021-10-30,40,
2021-10-31,106.369,73.369
2021-11-01,43.966,
2021-11-02,63,19.034
2021-11-03,40,
2021-11-04,49.832,9.832
2021-11-05,34,
2021-11-06,22,
2021-11-07,85,59
2021-11-08,26,
2021-11-09,48.933,
2021-11-10,55,
2021-11-11,173.17000000000002,151.17000000000002
2021-11-12,67,
2021-11-13,60.787,
2021-11-14,25,
2021-11-15,24,
2021-11-16,38,
2021-11-17,69,41
2021-11-18,44,
2021-11-19,32,
2021-11-20,28,
2021-11-21,38.010000000000005,
2021-11-22,47,7.2450000000000045
2021-11-23,39.754999999999995,
2021-11-24,45.015,
2021-11-25,55,
2021-11-26,75,51
2021-11-27,65.938,
2021-11-28,50,
2021-11-29,15,
2021-11-30,21,6
2021-12-01,12,
2021-12-02,44.859,31.859
2021-12-03,27,
2021-12-04,13,
2021-12-05,41,
2021-12-06,60,
2021-12-07,114.626,101.626
2021-12-08,50,
2021-12-09,39,
2021-12-10,28.026,
2021-12-11,33,4.974
2021-12-12,30,
2021-12-13,25,
2021-12-14,62,
2021-12-15,83.005,49.004999999999995
2021-12-16,69,
2021-12-17,38,
2021-12-18,42,
2021-12-19,72,34
2021-12-20,38,
2021-12-21,69,31
2021-12-22,34,
2021-12-23,75,29
2021-12-24,53.949,
2021-12-25,51,
2021-12-26,46,
2021-12-27,89.935,
2021-12-28,99.27,74.27
2021-12-29,74,
2021-12-30,52,
2021-12-31,66,14
2022-01-01,36.016,
2022-01-02,52,15.984000000000002
2022-01-03,18,
2022-01-04,29,
2022-01-05,51,33
2022-01-06,39,
2022-01-07,22,
2022-01-08,13,
2022-01-09,25,
2022-01-10,46,20
2022-01-11,26,
2022-01-12,31,0
2022-01-13,31,
2022-01-14,35.885999999999996,
2022-01-15,63,
2022-01-16,73,23
2022-01-17,69,
2022-01-18,50,
2022-01-19,105.295,82.295
2022-01-20,76,
2022-01-21,58,
2022-01-22,42,
2022-01-23,66,
2022-01-24,87,45
2022-01-25,60,
2022-01-26,49,
2022-01-27,33,
2022-01-28,36,3
2022-01-29,23,
2022-01-30,71,37
2022-01-31,61,
2022-02-01,34,
2022-02-02,72.886,
2022-02-03,116,104
2022-02-04,57.525999999999996,
2022-02-05,31,
2022-02-06,52,16
2022-02-07,36,
2022-02-08,43,
2022-02-09,61,5
2022-02-10,56,
2022-02-11,113.81,82.81
2022-02-12,61,
2022-02-13,93.49,32.489999999999995
2022-02-14,58,
2022-02-15,39,
2022-02-16,25,
2022-02-17,20,
2022-02-18,31,
2022-02-19,39.515,8.515
2022-02-20,31,
2022-02-21,63,12
2022-02-22,51,
2022-02-23,52,
2022-02-24,100.813,80.813
2022-02-25,84,
2022-02-26,93,9
2022-02-27,64,
2022-02-28,57,
2022-03-01,78,
2022-03-02,91.166,34.166
2022-03-03,56,
2022-03-04,39,
2022-03-05,36,
2022-03-06,48,11.183
2022-03-07,36.817,
2022-03-08,53,17
2022-03-09,33,
2022-03-10,51,18
2022-03-11,32,
2022-03-12,50.986000000000004,4.986000000000004
2022-03-13,50,
2022-03-14,46,
2022-03-15,50,1
2022-03-16,49,
2022-03-17,70,38
2022-03-18,28,
2022-03-19,29,
2022-03-20,70.215,42.215
2022-03-21,42,
2022-03-22,30,
2022-03-23,59,
2022-03-24,69,39
2022-03-25,59,
2022-03-26,43,
2022-03-27,63,20
2022-03-28,43.542,
2022-03-29,19,
2022-03-30,24,5
2022-03-31,22,
2022-04-01,9,
2022-04-02,22,4
2022-04-03,18,
2022-04-04,24,
2022-04-05,33,
2022-04-06,49.483,36.483
2022-04-07,18,
2022-04-08,25,7
2022-04-09,13,
2022-04-10,57,48
2022-04-11,24,
2022-04-12,20,
2022-04-13,22.962,
2022-04-14,27,7
2022-04-15,16,
2022-04-16,30,8.154
2022-04-17,22,
2022-04-18,21.846,
2022-04-19,56.004,40.004
2022-04-20,26,
2022-04-21,26.839,
2022-04-22,36,10
2022-04-23,20,
2022-04-24,25,5
2022-04-25,22,
2022-04-26,11,
2022-04-27,20,
2022-04-28,33,22
2022-04-29,16,
2022-04-30,8,
2022-05-01,23,13
2022-05-02,17,
2022-05-03,11,
2022-05-04,10,
2022-05-05,17,1
2022-05-06,16,
2022-05-07,16,
2022-05-08,40.897,17.365
2022-05-09,23.532,
2022-05-10,30,
2022-05-11,31.932000000000002,
2022-05-12,42,23
2022-05-13,32,
2022-05-14,22,
2022-05-15,24,2
2022-05-16,23,
2022-05-17,19,
2022-05-18,50,13
2022-05-19,37,
2022-05-20,61,53
2022-05-21,25,
2022-05-22,39,
2022-05-23,49,24
2022-05-24,18,
2022-05-25,12,
2022-05-26,16,4
2022-05-27,10,
2022-05-28,31,5
2022-05-29,26,
2022-05-30,55,45
2022-05-31,16,